,sentence_num,t_i-2,t_i-1,t_i,t_i+1,t_i+2,w_i-2,w_i-1,w_i,w_i+1,w_i+2,"t_i-2,i-1","t_i-1,i+1","t_i+1,i+2",tag_prediction
522,19,start,start,N,VN,end,,,Wards,protected,,start_start,start_VN,VN_end,DET
523,19,start,N,VN,end,end,,Wards,protected,,,start_N,N_end,end_end,VN
946,42,start,start,DET,N,ADJ,,,The,mayor's,present,start_start,start_N,N_ADJ,DET
947,42,start,DET,N,ADJ,N,,The,mayor's,present,term,start_DET,DET_ADJ,ADJ_N,N
948,42,DET,N,ADJ,N,P,The,mayor's,present,term,of,DET_N,N_N,N_P,N
949,42,N,ADJ,N,P,N,mayor's,present,term,of,office,N_ADJ,ADJ_P,P_N,N
950,42,ADJ,N,P,N,VBZ,present,term,of,office,expires,ADJ_N,N_N,N_VBZ,P
951,42,N,P,N,VBZ,NP,term,of,office,expires,Jan.,N_P,P_VBZ,VBZ_NP,N
952,42,P,N,VBZ,NP,NUM,of,office,expires,Jan.,1,P_N,N_NP,NP_NUM,P
953,42,N,VBZ,NP,NUM,.,office,expires,Jan.,1,.,N_VBZ,VBZ_NUM,NUM_.,NP
954,42,VBZ,NP,NUM,.,end,expires,Jan.,1,.,,VBZ_NP,NP_.,._end,NUM
955,42,NP,NUM,.,end,end,Jan.,1,.,,,NP_NUM,NUM_end,end_end,.
31002,1414,start,start,``,ADV,",",,,``,Nae,",",start_start,start_ADV,"ADV_,",``
31003,1414,start,``,ADV,",",N,,``,Nae,",",man,start_``,"``_,",",_N",N
31004,1414,``,ADV,",",N,'',``,Nae,",",man,'',``_ADV,ADV_N,N_'',","
31005,1414,ADV,",",N,'',",",Nae,",",man,'',",","ADV_,",",_''","''_,",N
31006,1414,",",N,'',",",VD,",",man,'',",",said,",_N","N_,",",_VD",''
31007,1414,N,'',",",VD,NP,man,'',",",said,Willie,N_'',''_VD,VD_NP,","
31008,1414,'',",",VD,NP,",",'',",",said,Willie,",","''_,",",_NP","NP_,",VN
31009,1414,",",VD,NP,",",``,",",said,Willie,",",``,",_VD","VD_,",",_``",NP
31010,1414,VD,NP,",",``,PRO,said,Willie,",",``,ye,VD_NP,NP_``,``_PRO,","
31011,1414,NP,",",``,PRO,MOD,Willie,",",``,ye,must,"NP_,",",_PRO",PRO_MOD,CNJ
31012,1414,",",``,PRO,MOD,V,",",``,ye,must,be,",_``",``_MOD,MOD_V,PRO
31013,1414,``,PRO,MOD,V,VG,``,ye,must,be,countin',``_PRO,PRO_V,V_VG,MOD
31014,1414,PRO,MOD,V,VG,DET,ye,must,be,countin',the,PRO_MOD,MOD_VG,VG_DET,V
31015,1414,MOD,V,VG,DET,N,must,be,countin',the,echoes,MOD_V,V_DET,DET_N,VG
31016,1414,V,VG,DET,N,'',be,countin',the,echoes,'',V_VG,VG_N,N_'',DET
31017,1414,VG,DET,N,'',.,countin',the,echoes,'',.,VG_DET,DET_'',''_.,N
31018,1414,DET,N,'',.,end,the,echoes,'',.,,DET_N,N_.,._end,''
31019,1414,N,'',.,end,end,echoes,'',.,,,N_'',''_end,end_end,.
34846,1601,start,start,NP,NUM,V,,,Dec.,22,is,start_start,start_NUM,NUM_V,NP
34847,1601,start,NP,NUM,V,DET,,Dec.,22,is,the,start_NP,NP_V,V_DET,NUM
34848,1601,NP,NUM,V,DET,N,Dec.,22,is,the,deadline,NP_NUM,NUM_DET,DET_N,P
34849,1601,NUM,V,DET,N,P,22,is,the,deadline,for,NUM_V,V_N,N_P,DET
34850,1601,V,DET,N,P,NP,is,the,deadline,for,Mrs.,V_DET,DET_P,P_NP,N
34851,1601,DET,N,P,NP,NP,the,deadline,for,Mrs.,Geraghty's,DET_N,N_NP,NP_NP,P
34852,1601,N,P,NP,NP,N,deadline,for,Mrs.,Geraghty's,return,N_P,P_NP,NP_N,NP
34853,1601,P,NP,NP,N,.,for,Mrs.,Geraghty's,return,;,P_NP,NP_N,N_.,NP
34854,1601,NP,NP,N,.,.,Mrs.,Geraghty's,return,;,;,NP_NP,NP_.,._.,ADJ
34855,1601,NP,N,.,.,end,Geraghty's,return,;,;,,NP_N,N_.,._end,.
34856,1601,N,.,.,end,end,return,;,;,,,N_.,._end,end_end,.
37764,1740,start,start,DET,V,V,,,Some,even,boast,start_start,start_V,V_V,DET
37765,1740,start,DET,V,V,NUM,,Some,even,boast,two,start_DET,DET_V,V_NUM,N
37766,1740,DET,V,V,NUM,N,Some,even,boast,two,pools,DET_V,V_NUM,NUM_N,V
37767,1740,V,V,NUM,N,",",even,boast,two,pools,",",V_V,V_N,"N_,",P
37768,1740,V,NUM,N,",",NUM,boast,two,pools,",",one,V_NUM,"NUM_,",",_NUM",N
37769,1740,NUM,N,",",NUM,P,two,pools,",",one,for,NUM_N,N_NUM,NUM_P,","
37770,1740,N,",",NUM,P,N,pools,",",one,for,adults,"N_,",",_P",P_N,PRO
37771,1740,",",NUM,P,N,CNJ,",",one,for,adults,and,",_NUM",NUM_N,N_CNJ,P
37772,1740,NUM,P,N,CNJ,NUM,one,for,adults,and,one,NUM_P,P_CNJ,CNJ_NUM,N
37773,1740,P,N,CNJ,NUM,P,for,adults,and,one,for,P_N,N_NUM,NUM_P,P
37774,1740,N,CNJ,NUM,P,N,adults,and,one,for,children,N_CNJ,CNJ_P,P_N,PRO
37775,1740,CNJ,NUM,P,N,.,and,one,for,children,.,CNJ_NUM,NUM_N,N_.,P
37776,1740,NUM,P,N,.,end,one,for,children,.,,NUM_P,P_.,._end,N
37777,1740,P,N,.,end,end,for,children,.,,,P_N,N_end,end_end,.
47301,2180,start,start,DET,N,VG,,,A,note,making,start_start,start_N,N_VG,DET
47302,2180,start,DET,N,VG,DET,,A,note,making,the,start_DET,DET_VG,VG_DET,N
47303,2180,DET,N,VG,DET,N,A,note,making,the,request,DET_N,N_DET,DET_N,N
47304,2180,N,VG,DET,N,V,note,making,the,request,was,N_VG,VG_N,N_V,DET
47305,2180,VG,DET,N,V,VN,making,the,request,was,handed,VG_DET,DET_V,V_VN,N
47306,2180,DET,N,V,VN,P,the,request,was,handed,to,DET_N,N_VN,VN_P,V
47307,2180,N,V,VN,P,NP,request,was,handed,to,U.S.,N_V,V_P,P_NP,VN
47308,2180,V,VN,P,NP,N,was,handed,to,U.S.,Ambassador,V_VN,VN_NP,NP_N,P
47309,2180,VN,P,NP,N,NP,handed,to,U.S.,Ambassador,Winthrop,VN_P,P_N,N_NP,NP
47310,2180,P,NP,N,NP,NP,to,U.S.,Ambassador,Winthrop,G.,P_NP,NP_NP,NP_NP,N
47311,2180,NP,N,NP,NP,NP,U.S.,Ambassador,Winthrop,G.,Brown,NP_N,N_NP,NP_NP,NP
47312,2180,N,NP,NP,NP,.,Ambassador,Winthrop,G.,Brown,.,N_NP,NP_NP,NP_.,NP
47313,2180,NP,NP,NP,.,end,Winthrop,G.,Brown,.,,NP_NP,NP_.,._end,NP
47314,2180,NP,NP,.,end,end,G.,Brown,.,,,NP_NP,NP_end,end_end,.
150000,7006,start,start,DET,N,V,,,Several,effects,were,start_start,start_N,N_V,DET
150001,7006,start,DET,N,V,ADV,,Several,effects,were,immediately,start_DET,DET_V,V_ADV,N
150002,7006,DET,N,V,ADV,ADJ,Several,effects,were,immediately,evident,DET_N,N_ADV,ADV_ADJ,V
150003,7006,N,V,ADV,ADJ,.,effects,were,immediately,evident,.,N_V,V_ADJ,ADJ_.,DET
150004,7006,V,ADV,ADJ,.,end,were,immediately,evident,.,,V_ADV,ADV_.,._end,ADJ
150005,7006,ADV,ADJ,.,end,end,immediately,evident,.,,,ADV_ADJ,ADJ_end,end_end,.
154773,7247,start,start,VD,NUM,N,,,Cried,one,professor,start_start,start_NUM,NUM_N,VD
154774,7247,start,VD,NUM,N,P,,Cried,one,professor,after,start_VD,VD_N,N_P,DET
154775,7247,VD,NUM,N,P,DET,Cried,one,professor,after,a,VD_NUM,NUM_P,P_DET,N
154776,7247,NUM,N,P,DET,DET,one,professor,after,a,few,NUM_N,N_DET,DET_DET,P
154777,7247,N,P,DET,DET,N,professor,after,a,few,months,N_P,P_DET,DET_N,DET
154778,7247,P,DET,DET,N,P,after,a,few,months,of,P_DET,DET_N,N_P,DET
154779,7247,DET,DET,N,P,N,a,few,months,of,Student,DET_DET,DET_P,P_N,N
154780,7247,DET,N,P,N,NP,few,months,of,Student,Schiele's,DET_N,N_N,N_NP,P
154781,7247,N,P,N,NP,N,months,of,Student,Schiele's,tantrums,N_P,P_NP,NP_N,N
154782,7247,P,N,NP,N,CNJ,of,Student,Schiele's,tantrums,and,P_N,N_N,N_CNJ,N
154783,7247,N,NP,N,CNJ,N,Student,Schiele's,tantrums,and,rebellion,N_NP,NP_CNJ,CNJ_N,N
154784,7247,NP,N,CNJ,N,:,Schiele's,tantrums,and,rebellion,:,NP_N,N_N,N_:,CNJ
154785,7247,N,CNJ,N,:,``,tantrums,and,rebellion,:,``,N_CNJ,CNJ_:,:_``,N
154786,7247,CNJ,N,:,``,DET,and,rebellion,:,``,The,CNJ_N,N_``,``_DET,P
154787,7247,N,:,``,DET,N,rebellion,:,``,The,devil,N_:,:_DET,DET_N,``
154788,7247,:,``,DET,N,PRO,:,``,The,devil,himself,:_``,``_N,N_PRO,DET
154789,7247,``,DET,N,PRO,MOD,``,The,devil,himself,must,``_DET,DET_PRO,PRO_MOD,N
154790,7247,DET,N,PRO,MOD,V,The,devil,himself,must,have,DET_N,N_MOD,MOD_V,PRO
154791,7247,N,PRO,MOD,V,VN,devil,himself,must,have,defecated,N_PRO,PRO_V,V_VN,MOD
154792,7247,PRO,MOD,V,VN,PRO,himself,must,have,defecated,you,PRO_MOD,MOD_VN,VN_PRO,V
154793,7247,MOD,V,VN,PRO,P,must,have,defecated,you,into,MOD_V,V_PRO,PRO_P,V
154794,7247,V,VN,PRO,P,PRO,have,defecated,you,into,my,V_VN,VN_P,P_PRO,PRO
154795,7247,VN,PRO,P,PRO,N,defecated,you,into,my,classroom,VN_PRO,PRO_PRO,PRO_N,P
154796,7247,PRO,P,PRO,N,'',you,into,my,classroom,'',PRO_P,P_N,N_'',PRO
154797,7247,P,PRO,N,'',.,into,my,classroom,'',!,P_PRO,PRO_'',''_.,N
154798,7247,PRO,N,'',.,.,my,classroom,'',!,!,PRO_N,N_.,._.,N
154799,7247,N,'',.,.,end,classroom,'',!,!,,N_'',''_.,._end,.
154800,7247,'',.,.,end,end,'',!,!,,,''_.,._end,end_end,.
167440,7801,start,start,NP,NP,V,,,Miss,Xydis,was,start_start,start_NP,NP_V,NP
167441,7801,start,NP,NP,V,ADJ,,Miss,Xydis,was,best,start_NP,NP_V,V_ADJ,NP
167442,7801,NP,NP,V,ADJ,WH,Miss,Xydis,was,best,when,NP_NP,NP_ADJ,ADJ_WH,V
167443,7801,NP,V,ADJ,WH,PRO,Xydis,was,best,when,she,NP_V,V_WH,WH_PRO,ADV
167444,7801,V,ADJ,WH,PRO,V,was,best,when,she,did,V_ADJ,ADJ_PRO,PRO_V,WH
167445,7801,ADJ,WH,PRO,V,*,best,when,she,did,not,ADJ_WH,WH_V,V_*,PRO
167446,7801,WH,PRO,V,*,V,when,she,did,not,need,WH_PRO,PRO_*,*_V,V
167447,7801,PRO,V,*,V,TO,she,did,not,need,to,PRO_V,V_V,V_TO,*
167448,7801,V,*,V,TO,V,did,not,need,to,be,V_*,*_TO,TO_V,V
167449,7801,*,V,TO,V,DET,not,need,to,be,too,*_V,V_V,V_DET,TO
167450,7801,V,TO,V,DET,VG,need,to,be,too,probing,V_TO,TO_DET,DET_VG,V
167451,7801,TO,V,DET,VG,.,to,be,too,probing,.,TO_V,V_VG,VG_.,DET
167452,7801,V,DET,VG,.,end,be,too,probing,.,,V_DET,DET_.,._end,VG
167453,7801,DET,VG,.,end,end,too,probing,.,,,DET_VG,VG_end,end_end,.
199172,9147,start,start,CNJ,PRO,MOD,,,But,he,would,start_start,start_PRO,PRO_MOD,CNJ
199173,9147,start,CNJ,PRO,MOD,V,,But,he,would,fight,start_CNJ,CNJ_MOD,MOD_V,PRO
199174,9147,CNJ,PRO,MOD,V,P,But,he,would,fight,for,CNJ_PRO,PRO_V,V_P,MOD
199175,9147,PRO,MOD,V,P,PRO,he,would,fight,for,his,PRO_MOD,MOD_P,P_PRO,V
199176,9147,MOD,V,P,PRO,ADJ,would,fight,for,his,own,MOD_V,V_PRO,PRO_ADJ,P
199177,9147,V,P,PRO,ADJ,N,fight,for,his,own,liberty,V_P,P_ADJ,ADJ_N,PRO
199178,9147,P,PRO,ADJ,N,P,for,his,own,liberty,rather,P_PRO,PRO_N,N_P,ADJ
199179,9147,PRO,ADJ,N,P,P,his,own,liberty,rather,than,PRO_ADJ,ADJ_P,P_P,N
199180,9147,ADJ,N,P,P,P,own,liberty,rather,than,for,ADJ_N,N_P,P_P,P
199181,9147,N,P,P,P,DET,liberty,rather,than,for,any,N_P,P_P,P_DET,CNJ
199182,9147,P,P,P,DET,ADJ,rather,than,for,any,abstract,P_P,P_DET,DET_ADJ,P
199183,9147,P,P,DET,ADJ,N,than,for,any,abstract,principle,P_P,P_ADJ,ADJ_N,DET
199184,9147,P,DET,ADJ,N,VN,for,any,abstract,principle,connected,P_DET,DET_N,N_VN,ADJ
199185,9147,DET,ADJ,N,VN,P,any,abstract,principle,connected,with,DET_ADJ,ADJ_VN,VN_P,N
199186,9147,ADJ,N,VN,P,PRO,abstract,principle,connected,with,it,ADJ_N,N_P,P_PRO,VN
199187,9147,N,VN,P,PRO,--,principle,connected,with,it,--,N_VN,VN_PRO,PRO_--,P
199188,9147,VN,P,PRO,--,ADJ,connected,with,it,--,such,VN_P,P_--,--_ADJ,PRO
199189,9147,P,PRO,--,ADJ,CNJ,with,it,--,such,as,P_PRO,PRO_ADJ,ADJ_CNJ,--
199190,9147,PRO,--,ADJ,CNJ,``,it,--,such,as,``,PRO_--,--_CNJ,CNJ_``,ADJ
199191,9147,--,ADJ,CNJ,``,N,--,such,as,``,cause,--_ADJ,ADJ_``,``_N,CNJ
199192,9147,ADJ,CNJ,``,N,'',such,as,``,cause,'',ADJ_CNJ,CNJ_N,N_'',``
199193,9147,CNJ,``,N,'',.,as,``,cause,'',.,CNJ_``,``_'',''_.,N
199194,9147,``,N,'',.,end,``,cause,'',.,,``_N,N_.,._end,''
199195,9147,N,'',.,end,end,cause,'',.,,,N_'',''_end,end_end,.
212992,9659,start,start,DET,N,V,,,The,fact,is,start_start,start_N,N_V,DET
212993,9659,start,DET,N,V,ADJ,,The,fact,is,incontestable,start_DET,DET_V,V_ADJ,N
212994,9659,DET,N,V,ADJ,:,The,fact,is,incontestable,:,DET_N,N_ADJ,ADJ_:,V
212995,9659,N,V,ADJ,:,DET,fact,is,incontestable,:,that,N_V,V_:,:_DET,N
212996,9659,V,ADJ,:,DET,ADJ,is,incontestable,:,that,liberal,V_ADJ,ADJ_DET,DET_ADJ,P
212997,9659,ADJ,:,DET,ADJ,N,incontestable,:,that,liberal,world,ADJ_:,:_ADJ,ADJ_N,DET
212998,9659,:,DET,ADJ,N,P,:,that,liberal,world,of,:_DET,DET_N,N_P,ADJ
212999,9659,DET,ADJ,N,P,ADJ,that,liberal,world,of,Unitarian,DET_ADJ,ADJ_P,P_ADJ,N
213000,9659,ADJ,N,P,ADJ,NP,liberal,world,of,Unitarian,Boston,ADJ_N,N_ADJ,ADJ_NP,P
213001,9659,N,P,ADJ,NP,V,world,of,Unitarian,Boston,was,N_P,P_NP,NP_V,ADJ
213002,9659,P,ADJ,NP,V,ADJ,of,Unitarian,Boston,was,narrow-minded,P_ADJ,ADJ_V,V_ADJ,NP
213003,9659,ADJ,NP,V,ADJ,",",Unitarian,Boston,was,narrow-minded,",",ADJ_NP,NP_ADJ,"ADJ_,",V
213004,9659,NP,V,ADJ,",",ADV,Boston,was,narrow-minded,",",intellectually,NP_V,"V_,",",_ADV",N
213005,9659,V,ADJ,",",ADV,ADJ,was,narrow-minded,",",intellectually,sterile,V_ADJ,ADJ_ADV,ADV_ADJ,","
213006,9659,ADJ,",",ADV,ADJ,",",narrow-minded,",",intellectually,sterile,",","ADJ_,",",_ADJ","ADJ_,",ADV
213007,9659,",",ADV,ADJ,",",ADJ,",",intellectually,sterile,",",smug,",_ADV","ADV_,",",_ADJ",ADJ
213008,9659,ADV,ADJ,",",ADJ,",",intellectually,sterile,",",smug,",",ADV_ADJ,ADJ_ADJ,"ADJ_,",","
213009,9659,ADJ,",",ADJ,",",ADJ,sterile,",",smug,",",afraid,"ADJ_,",",_,",",_ADJ",ADJ
213010,9659,",",ADJ,",",ADJ,P,",",smug,",",afraid,of,",_ADJ",ADJ_ADJ,ADJ_P,","
213011,9659,ADJ,",",ADJ,P,DET,smug,",",afraid,of,the,"ADJ_,",",_P",P_DET,ADJ
213012,9659,",",ADJ,P,DET,ADJ,",",afraid,of,the,logical,",_ADJ",ADJ_DET,DET_ADJ,P
213013,9659,ADJ,P,DET,ADJ,N,afraid,of,the,logical,consequences,ADJ_P,P_ADJ,ADJ_N,DET
213014,9659,P,DET,ADJ,N,P,of,the,logical,consequences,of,P_DET,DET_N,N_P,ADJ
213015,9659,DET,ADJ,N,P,PRO,the,logical,consequences,of,its,DET_ADJ,ADJ_P,P_PRO,N
213016,9659,ADJ,N,P,PRO,ADJ,logical,consequences,of,its,own,ADJ_N,N_PRO,PRO_ADJ,P
213017,9659,N,P,PRO,ADJ,ADJ,consequences,of,its,own,mild,N_P,P_ADJ,ADJ_ADJ,PRO
213018,9659,P,PRO,ADJ,ADJ,N,of,its,own,mild,ventures,P_PRO,PRO_ADJ,ADJ_N,ADJ
213019,9659,PRO,ADJ,ADJ,N,P,its,own,mild,ventures,into,PRO_ADJ,ADJ_N,N_P,ADJ
213020,9659,ADJ,ADJ,N,P,N,own,mild,ventures,into,iconoclasm,ADJ_ADJ,ADJ_P,P_N,N
213021,9659,ADJ,N,P,N,",",mild,ventures,into,iconoclasm,",",ADJ_N,N_N,"N_,",P
213022,9659,N,P,N,",",CNJ,ventures,into,iconoclasm,",",and,N_P,"P_,",",_CNJ",N
213023,9659,P,N,",",CNJ,DET,into,iconoclasm,",",and,quite,P_N,N_CNJ,CNJ_DET,","
213024,9659,N,",",CNJ,DET,VN,iconoclasm,",",and,quite,prepared,"N_,",",_DET",DET_VN,CNJ
213025,9659,",",CNJ,DET,VN,TO,",",and,quite,prepared,to,",_CNJ",CNJ_VN,VN_TO,DET
213026,9659,CNJ,DET,VN,TO,V,and,quite,prepared,to,resort,CNJ_DET,DET_TO,TO_V,VN
213027,9659,DET,VN,TO,V,P,quite,prepared,to,resort,to,DET_VN,VN_V,V_P,TO
213028,9659,VN,TO,V,P,ADJ,prepared,to,resort,to,hysterical,VN_TO,TO_P,P_ADJ,V
213029,9659,TO,V,P,ADJ,N,to,resort,to,hysterical,repressions,TO_V,V_ADJ,ADJ_N,DET
213030,9659,V,P,ADJ,N,WH,resort,to,hysterical,repressions,when,V_P,P_N,N_WH,ADJ
213031,9659,P,ADJ,N,WH,PRO,to,hysterical,repressions,when,its,P_ADJ,ADJ_WH,WH_PRO,N
213032,9659,ADJ,N,WH,PRO,ADJ,hysterical,repressions,when,its,brittle,ADJ_N,N_PRO,PRO_ADJ,WH
213033,9659,N,WH,PRO,ADJ,N,repressions,when,its,brittle,foundations,N_WH,WH_ADJ,ADJ_N,PRO
213034,9659,WH,PRO,ADJ,N,V,when,its,brittle,foundations,were,WH_PRO,PRO_N,N_V,ADJ
213035,9659,PRO,ADJ,N,V,VN,its,brittle,foundations,were,threatened,PRO_ADJ,ADJ_V,V_VN,N
213036,9659,ADJ,N,V,VN,.,brittle,foundations,were,threatened,.,ADJ_N,N_VN,VN_.,V
213037,9659,N,V,VN,.,end,foundations,were,threatened,.,,N_V,V_.,._end,VN
213038,9659,V,VN,.,end,end,were,threatened,.,,,V_VN,VN_end,end_end,.
233162,10512,start,start,P,N,",",,,For,instance,",",start_start,start_N,"N_,",P
233163,10512,start,P,N,",",PRO,,For,instance,",",we,start_P,"P_,",",_PRO",N
233164,10512,P,N,",",PRO,MOD,For,instance,",",we,cannot,P_N,N_PRO,PRO_MOD,","
233165,10512,N,",",PRO,MOD,V,instance,",",we,cannot,know,"N_,",",_MOD",MOD_V,PRO
233166,10512,",",PRO,MOD,V,CNJ,",",we,cannot,know,whether,",_PRO",PRO_V,V_CNJ,MOD
233167,10512,PRO,MOD,V,CNJ,ADV,we,cannot,know,whether,even,PRO_MOD,MOD_CNJ,CNJ_ADV,V
233168,10512,MOD,V,CNJ,ADV,P,cannot,know,whether,even,for,MOD_V,V_ADV,ADV_P,CNJ
233169,10512,V,CNJ,ADV,P,N,know,whether,even,for,church,V_CNJ,CNJ_P,P_N,DET
233170,10512,CNJ,ADV,P,N,N,whether,even,for,church,members,CNJ_ADV,ADV_N,N_N,P
233171,10512,ADV,P,N,N,DET,even,for,church,members,the,ADV_P,P_N,N_DET,N
233172,10512,P,N,N,DET,N,for,church,members,the,degree,P_N,N_DET,DET_N,N
233173,10512,N,N,DET,N,P,church,members,the,degree,of,N_N,N_N,N_P,DET
233174,10512,N,DET,N,P,N,members,the,degree,of,conformity,N_DET,DET_P,P_N,N
233175,10512,DET,N,P,N,P,the,degree,of,conformity,to,DET_N,N_N,N_P,P
233176,10512,N,P,N,P,ADJ,degree,of,conformity,to,Christian,N_P,P_P,P_ADJ,N
233177,10512,P,N,P,ADJ,N,of,conformity,to,Christian,standards,P_N,N_ADJ,ADJ_N,P
233178,10512,N,P,ADJ,N,P,conformity,to,Christian,standards,of,N_P,P_N,N_P,ADJ
233179,10512,P,ADJ,N,P,N,to,Christian,standards,of,morality,P_ADJ,ADJ_P,P_N,N
233180,10512,ADJ,N,P,N,VD,Christian,standards,of,morality,increased,ADJ_N,N_N,N_VD,P
233181,10512,N,P,N,VD,CNJ,standards,of,morality,increased,or,N_P,P_VD,VD_CNJ,N
233182,10512,P,N,VD,CNJ,VD,of,morality,increased,or,declined,P_N,N_CNJ,CNJ_VD,VD
233183,10512,N,VD,CNJ,VD,CNJ,morality,increased,or,declined,as,N_VD,VD_VD,VD_CNJ,PRO
233184,10512,VD,CNJ,VD,CNJ,DET,increased,or,declined,as,the,VD_CNJ,CNJ_CNJ,CNJ_DET,VD
233185,10512,CNJ,VD,CNJ,DET,N,or,declined,as,the,proportion,CNJ_VD,VD_DET,DET_N,P
233186,10512,VD,CNJ,DET,N,P,declined,as,the,proportion,of,VD_CNJ,CNJ_N,N_P,DET
233187,10512,CNJ,DET,N,P,N,as,the,proportion,of,church,CNJ_DET,DET_P,P_N,N
233188,10512,DET,N,P,N,N,the,proportion,of,church,members,DET_N,N_N,N_N,P
233189,10512,N,P,N,N,P,proportion,of,church,members,in,N_P,P_N,N_P,N
233190,10512,P,N,N,P,DET,of,church,members,in,the,P_N,N_P,P_DET,N
233191,10512,N,N,P,DET,N,church,members,in,the,population,N_N,N_DET,DET_N,P
233192,10512,N,P,DET,N,VD,members,in,the,population,rose,N_P,P_N,N_VD,DET
233193,10512,P,DET,N,VD,.,in,the,population,rose,.,P_DET,DET_VD,VD_.,N
233194,10512,DET,N,VD,.,end,the,population,rose,.,,DET_N,N_.,._end,N
233195,10512,N,VD,.,end,end,population,rose,.,,,N_VD,VD_end,end_end,.
237346,10685,start,start,(,NUM,),,,(,3,),start_start,start_NUM,NUM_),(
237347,10685,start,(,NUM,),end,,(,3,),,start_(,(_),)_end,NUM
237348,10685,(,NUM,),end,end,(,3,),,,(_NUM,NUM_end,end_end,)
244206,11102,start,start,UH,",",PRO,,,Oh,",",you'll,start_start,"start_,",",_PRO",UH
244207,11102,start,UH,",",PRO,V,,Oh,",",you'll,wobble,start_UH,UH_PRO,PRO_V,","
244208,11102,UH,",",PRO,V,CNJ,Oh,",",you'll,wobble,and,"UH_,",",_V",V_CNJ,PRO
244209,11102,",",PRO,V,CNJ,V,",",you'll,wobble,and,weave,",_PRO",PRO_CNJ,CNJ_V,V
244210,11102,PRO,V,CNJ,V,DET,you'll,wobble,and,weave,quite,PRO_V,V_V,V_DET,CNJ
244211,11102,V,CNJ,V,DET,DET,wobble,and,weave,quite,a,V_CNJ,CNJ_DET,DET_DET,V
244212,11102,CNJ,V,DET,DET,N,and,weave,quite,a,bit,CNJ_V,V_DET,DET_N,P
244213,11102,V,DET,DET,N,P,weave,quite,a,bit,at,V_DET,DET_N,N_P,DET
244214,11102,DET,DET,N,P,ADV,quite,a,bit,at,first,DET_DET,DET_P,P_ADV,N
244215,11102,DET,N,P,ADV,.,a,bit,at,first,.,DET_N,N_ADV,ADV_.,P
244216,11102,N,P,ADV,.,end,bit,at,first,.,,N_P,P_.,._end,NUM
244217,11102,P,ADV,.,end,end,at,first,.,,,P_ADV,ADV_end,end_end,.
244900,11142,start,start,DET,ADV,CNJ,,,As,soon,as,start_start,start_ADV,ADV_CNJ,DET
244901,11142,start,DET,ADV,CNJ,PRO,,As,soon,as,they,start_DET,DET_CNJ,CNJ_PRO,ADV
244902,11142,DET,ADV,CNJ,PRO,V,As,soon,as,they,are,DET_ADV,ADV_PRO,PRO_V,CNJ
244903,11142,ADV,CNJ,PRO,V,ADJ,soon,as,they,are,large,ADV_CNJ,CNJ_V,V_ADJ,PRO
244904,11142,CNJ,PRO,V,ADJ,DET,as,they,are,large,enough,CNJ_PRO,PRO_ADJ,ADJ_DET,V
244905,11142,PRO,V,ADJ,DET,TO,they,are,large,enough,to,PRO_V,V_DET,DET_TO,ADJ
244906,11142,V,ADJ,DET,TO,V,are,large,enough,to,move,V_ADJ,ADJ_TO,TO_V,DET
244907,11142,ADJ,DET,TO,V,",",large,enough,to,move,",",ADJ_DET,DET_V,"V_,",TO
244908,11142,DET,TO,V,",",PRO,enough,to,move,",",I,DET_TO,"TO_,",",_PRO",V
244909,11142,TO,V,",",PRO,V,to,move,",",I,put,TO_V,V_PRO,PRO_V,","
244910,11142,V,",",PRO,V,PRO,move,",",I,put,mine,"V_,",",_V",V_PRO,PRO
244911,11142,",",PRO,V,PRO,NUM,",",I,put,mine,9,",_PRO",PRO_PRO,PRO_NUM,V
244912,11142,PRO,V,PRO,NUM,N,I,put,mine,9,inches,PRO_V,V_NUM,NUM_N,N
244913,11142,V,PRO,NUM,N,ADV,put,mine,9,inches,apart,V_PRO,PRO_N,N_ADV,NUM
244914,11142,PRO,NUM,N,ADV,WH,mine,9,inches,apart,where,PRO_NUM,NUM_ADV,ADV_WH,N
244915,11142,NUM,N,ADV,WH,PRO,9,inches,apart,where,they,NUM_N,N_WH,WH_PRO,ADV
244916,11142,N,ADV,WH,PRO,V,inches,apart,where,they,are,N_ADV,ADV_PRO,PRO_V,WH
244917,11142,ADV,WH,PRO,V,TO,apart,where,they,are,to,ADV_WH,WH_V,V_TO,PRO
244918,11142,WH,PRO,V,TO,V,where,they,are,to,bloom,WH_PRO,PRO_TO,TO_V,V
244919,11142,PRO,V,TO,V,.,they,are,to,bloom,.,PRO_V,V_V,V_.,P
244920,11142,V,TO,V,.,end,are,to,bloom,.,,V_TO,TO_.,._end,V
244921,11142,TO,V,.,end,end,to,bloom,.,,,TO_V,V_end,end_end,.
264601,12126,start,start,N,N,V,,,Stock,design,is,start_start,start_N,N_V,N
264602,12126,start,N,N,V,ADJ,,Stock,design,is,excellent,start_N,N_V,V_ADJ,N
264603,12126,N,N,V,ADJ,",",Stock,design,is,excellent,",",N_N,N_ADJ,"ADJ_,",V
264604,12126,N,V,ADJ,",",CNJ,design,is,excellent,",",and,N_V,"V_,",",_CNJ",ADJ
264605,12126,V,ADJ,",",CNJ,DET,is,excellent,",",and,this,V_ADJ,ADJ_CNJ,CNJ_DET,N
264606,12126,ADJ,",",CNJ,DET,N,excellent,",",and,this,model,"ADJ_,",",_DET",DET_N,CNJ
264607,12126,",",CNJ,DET,N,V,",",and,this,model,is,",_CNJ",CNJ_N,N_V,DET
264608,12126,CNJ,DET,N,V,DET,and,this,model,is,a,CNJ_DET,DET_V,V_DET,N
264609,12126,DET,N,V,DET,ADJ,this,model,is,a,good,DET_N,N_DET,DET_ADJ,V
264610,12126,N,V,DET,ADJ,NUM,model,is,a,good,first,N_V,V_ADJ,ADJ_NUM,DET
264611,12126,V,DET,ADJ,NUM,N,is,a,good,first,gun,V_DET,DET_NUM,NUM_N,N
264612,12126,DET,ADJ,NUM,N,.,a,good,first,gun,.,DET_ADJ,ADJ_N,N_.,NUM
264613,12126,ADJ,NUM,N,.,end,good,first,gun,.,,ADJ_NUM,NUM_.,._end,N
264614,12126,NUM,N,.,end,end,first,gun,.,,,NUM_N,N_end,end_end,.
310214,14484,start,start,N,N,end,,,Retirement,policies,,start_start,start_N,N_end,DET
310215,14484,start,N,N,end,end,,Retirement,policies,,,start_N,N_end,end_end,N
333177,15518,start,start,DET,CNJ,ADJ,,,This,and,raw,start_start,start_CNJ,CNJ_ADJ,DET
333178,15518,start,DET,CNJ,ADJ,N,,This,and,raw,sugar,start_DET,DET_ADJ,ADJ_N,CNJ
333179,15518,DET,CNJ,ADJ,N,V,This,and,raw,sugar,replace,DET_CNJ,CNJ_N,N_V,ADJ
333180,15518,CNJ,ADJ,N,V,ADJ,and,raw,sugar,replace,ordinary,CNJ_ADJ,ADJ_V,V_ADJ,N
333181,15518,ADJ,N,V,ADJ,VN,raw,sugar,replace,ordinary,refined,ADJ_N,N_ADJ,ADJ_VN,P
333182,15518,N,V,ADJ,VN,N,sugar,replace,ordinary,refined,sugar,N_V,V_VN,VN_N,CNJ
333183,15518,V,ADJ,VN,N,P,replace,ordinary,refined,sugar,on,V_ADJ,ADJ_N,N_P,N
333184,15518,ADJ,VN,N,P,DET,ordinary,refined,sugar,on,the,ADJ_VN,VN_P,P_DET,N
333185,15518,VN,N,P,DET,N,refined,sugar,on,the,tables,VN_N,N_DET,DET_N,P
333186,15518,N,P,DET,N,CNJ,sugar,on,the,tables,and,N_P,P_N,N_CNJ,DET
333187,15518,P,DET,N,CNJ,DET,on,the,tables,and,very,P_DET,DET_CNJ,CNJ_DET,N
333188,15518,DET,N,CNJ,DET,DET,the,tables,and,very,little,DET_N,N_DET,DET_DET,CNJ
333189,15518,N,CNJ,DET,DET,N,tables,and,very,little,sugar,N_CNJ,CNJ_DET,DET_N,DET
333190,15518,CNJ,DET,DET,N,V,and,very,little,sugar,is,CNJ_DET,DET_N,N_V,ADJ
333191,15518,DET,DET,N,V,VN,very,little,sugar,is,used,DET_DET,DET_V,V_VN,N
333192,15518,DET,N,V,VN,P,little,sugar,is,used,in,DET_N,N_VN,VN_P,V
333193,15518,N,V,VN,P,VG,sugar,is,used,in,cooking,N_V,V_P,P_VG,VN
333194,15518,V,VN,P,VG,.,is,used,in,cooking,.,V_VN,VN_VG,VG_.,P
333195,15518,VN,P,VG,.,end,used,in,cooking,.,,VN_P,P_.,._end,N
333196,15518,P,VG,.,end,end,in,cooking,.,,,P_VG,VG_end,end_end,.
342530,15987,start,start,DET,N,V,,,Other,experts,say,start_start,start_N,N_V,DET
342531,15987,start,DET,N,V,",",,Other,experts,say,",",start_DET,DET_V,"V_,",N
342532,15987,DET,N,V,",",ADV,Other,experts,say,",",however,DET_N,"N_,",",_ADV",V
342533,15987,N,V,",",ADV,",",experts,say,",",however,",",N_V,V_ADV,"ADV_,",","
342534,15987,V,",",ADV,",",CNJ,say,",",however,",",that,"V_,",",_,",",_CNJ",ADV
342535,15987,",",ADV,",",CNJ,CNJ,",",however,",",that,if,",_ADV",ADV_CNJ,CNJ_CNJ,","
342536,15987,ADV,",",CNJ,CNJ,ADJ,however,",",that,if,sexual,"ADV_,",",_CNJ",CNJ_ADJ,CNJ
342537,15987,",",CNJ,CNJ,ADJ,N,",",that,if,sexual,domination,",_CNJ",CNJ_ADJ,ADJ_N,CNJ
342538,15987,CNJ,CNJ,ADJ,N,P,that,if,sexual,domination,by,CNJ_CNJ,CNJ_N,N_P,ADJ
342539,15987,CNJ,ADJ,N,P,NUM,if,sexual,domination,by,one,CNJ_ADJ,ADJ_P,P_NUM,N
342540,15987,ADJ,N,P,NUM,CNJ,sexual,domination,by,one,or,ADJ_N,N_NUM,NUM_CNJ,P
342541,15987,N,P,NUM,CNJ,DET,domination,by,one,or,the,N_P,P_CNJ,CNJ_DET,PRO
342542,15987,P,NUM,CNJ,DET,DET,by,one,or,the,other,P_NUM,NUM_DET,DET_DET,CNJ
342543,15987,NUM,CNJ,DET,DET,N,one,or,the,other,partner,NUM_CNJ,CNJ_DET,DET_N,DET
342544,15987,CNJ,DET,DET,N,VBZ,or,the,other,partner,exists,CNJ_DET,DET_N,N_VBZ,DET
342545,15987,DET,DET,N,VBZ,P,the,other,partner,exists,for,DET_DET,DET_VBZ,VBZ_P,N
342546,15987,DET,N,VBZ,P,ADV,other,partner,exists,for,longer,DET_N,N_P,P_ADV,","
342547,15987,N,VBZ,P,ADV,P,partner,exists,for,longer,than,N_VBZ,VBZ_ADV,ADV_P,P
342548,15987,VBZ,P,ADV,P,DET,exists,for,longer,than,a,VBZ_P,P_P,P_DET,ADJ
342549,15987,P,ADV,P,DET,ADJ,for,longer,than,a,brief,P_ADV,ADV_DET,DET_ADJ,P
342550,15987,ADV,P,DET,ADJ,N,longer,than,a,brief,period,ADV_P,P_ADJ,ADJ_N,DET
342551,15987,P,DET,ADJ,N,",",than,a,brief,period,",",P_DET,DET_N,"N_,",ADJ
342552,15987,DET,ADJ,N,",",PRO,a,brief,period,",",it,DET_ADJ,"ADJ_,",",_PRO",N
342553,15987,ADJ,N,",",PRO,V,brief,period,",",it,is,ADJ_N,N_PRO,PRO_V,","
342554,15987,N,",",PRO,V,ADJ,period,",",it,is,likely,"N_,",",_V",V_ADJ,PRO
342555,15987,",",PRO,V,ADJ,TO,",",it,is,likely,to,",_PRO",PRO_ADJ,ADJ_TO,V
342556,15987,PRO,V,ADJ,TO,V,it,is,likely,to,shake,PRO_V,V_TO,TO_V,ADJ
342557,15987,V,ADJ,TO,V,DET,is,likely,to,shake,the,V_ADJ,ADJ_V,V_DET,TO
342558,15987,ADJ,TO,V,DET,N,likely,to,shake,the,marriage,ADJ_TO,TO_DET,DET_N,V
342559,15987,TO,V,DET,N,.,to,shake,the,marriage,.,TO_V,V_N,N_.,DET
342560,15987,V,DET,N,.,end,shake,the,marriage,.,,V_DET,DET_.,._end,N
342561,15987,DET,N,.,end,end,the,marriage,.,,,DET_N,N_end,end_end,.
380651,17717,start,start,ADV,DET,ADJ,,,Perhaps,the,Jewish,start_start,start_DET,DET_ADJ,ADV
380652,17717,start,ADV,DET,ADJ,N,,Perhaps,the,Jewish,students,start_ADV,ADV_ADJ,ADJ_N,DET
380653,17717,ADV,DET,ADJ,N,P,Perhaps,the,Jewish,students,at,ADV_DET,DET_N,N_P,ADJ
380654,17717,DET,ADJ,N,P,NP,the,Jewish,students,at,Brooklyn,DET_ADJ,ADJ_P,P_NP,N
380655,17717,ADJ,N,P,NP,N,Jewish,students,at,Brooklyn,College,ADJ_N,N_NP,NP_N,P
380656,17717,N,P,NP,N,--,students,at,Brooklyn,College,--,N_P,P_N,N_--,NP
380657,17717,P,NP,N,--,VG,at,Brooklyn,College,--,constituting,P_NP,NP_--,--_VG,N
380658,17717,NP,N,--,VG,NUM,Brooklyn,College,--,constituting,85,NP_N,N_VG,VG_NUM,N
380659,17717,N,--,VG,NUM,P,College,--,constituting,85,per,N_--,--_NUM,NUM_P,CNJ
380660,17717,--,VG,NUM,P,N,--,constituting,85,per,cent,--_VG,VG_P,P_N,NUM
380661,17717,VG,NUM,P,N,P,constituting,85,per,cent,of,VG_NUM,NUM_N,N_P,P
380662,17717,NUM,P,N,P,DET,85,per,cent,of,those,NUM_P,P_P,P_DET,N
380663,17717,P,N,P,DET,WH,per,cent,of,those,who,P_N,N_DET,DET_WH,P
380664,17717,N,P,DET,WH,V,cent,of,those,who,attend,N_P,P_WH,WH_V,DET
380665,17717,P,DET,WH,V,DET,of,those,who,attend,the,P_DET,DET_V,V_DET,WH
380666,17717,DET,WH,V,DET,N,those,who,attend,the,day,DET_WH,WH_DET,DET_N,V
380667,17717,WH,V,DET,N,N,who,attend,the,day,session,WH_V,V_N,N_N,DET
380668,17717,V,DET,N,N,--,attend,the,day,session,--,V_DET,DET_N,N_--,N
380669,17717,DET,N,N,--,MOD,the,day,session,--,can,DET_N,N_--,--_MOD,N
380670,17717,N,N,--,MOD,V,day,session,--,can,serve,N_N,N_MOD,MOD_V,N
380671,17717,N,--,MOD,V,CNJ,session,--,can,serve,as,N_--,--_V,V_CNJ,MOD
380672,17717,--,MOD,V,CNJ,DET,--,can,serve,as,a,--_MOD,MOD_CNJ,CNJ_DET,V
380673,17717,MOD,V,CNJ,DET,N,can,serve,as,a,paradigm,MOD_V,V_DET,DET_N,CNJ
380674,17717,V,CNJ,DET,N,P,serve,as,a,paradigm,of,V_CNJ,CNJ_N,N_P,DET
380675,17717,CNJ,DET,N,P,DET,as,a,paradigm,of,the,CNJ_DET,DET_P,P_DET,N
380676,17717,DET,N,P,DET,ADJ,a,paradigm,of,the,urban,DET_N,N_DET,DET_ADJ,P
380677,17717,N,P,DET,ADJ,",",paradigm,of,the,urban,",",N_P,P_ADJ,"ADJ_,",DET
380678,17717,P,DET,ADJ,",",ADJ,of,the,urban,",",lower-middle,P_DET,"DET_,",",_ADJ",ADJ
380679,17717,DET,ADJ,",",ADJ,N,the,urban,",",lower-middle,class,DET_ADJ,ADJ_ADJ,ADJ_N,CNJ
380680,17717,ADJ,",",ADJ,N,ADJ,urban,",",lower-middle,class,Jewish,"ADJ_,",",_N",N_ADJ,ADJ
380681,17717,",",ADJ,N,ADJ,N,",",lower-middle,class,Jewish,student,",_ADJ",ADJ_ADJ,ADJ_N,N
380682,17717,ADJ,N,ADJ,N,.,lower-middle,class,Jewish,student,.,ADJ_N,N_N,N_.,ADJ
380683,17717,N,ADJ,N,.,end,class,Jewish,student,.,,N_ADJ,ADJ_.,._end,N
380684,17717,ADJ,N,.,end,end,Jewish,student,.,,,ADJ_N,N_end,end_end,.
382337,17798,start,start,PRO,VD,PRO,,,He,showed,me,start_start,start_VD,VD_PRO,PRO
382338,17798,start,PRO,VD,PRO,NUM,,He,showed,me,one,start_PRO,PRO_PRO,PRO_NUM,VD
382339,17798,PRO,VD,PRO,NUM,P,He,showed,me,one,of,PRO_VD,VD_NUM,NUM_P,PRO
382340,17798,VD,PRO,NUM,P,PRO,showed,me,one,of,his,VD_PRO,PRO_P,P_PRO,NUM
382341,17798,PRO,NUM,P,PRO,N,me,one,of,his,fingers,PRO_NUM,NUM_PRO,PRO_N,P
382342,17798,NUM,P,PRO,N,WH,one,of,his,fingers,which,NUM_P,P_N,N_WH,PRO
382343,17798,P,PRO,N,WH,V,of,his,fingers,which,had,P_PRO,PRO_WH,WH_V,N
382344,17798,PRO,N,WH,V,V,his,fingers,which,had,been,PRO_N,N_V,V_V,WH
382345,17798,N,WH,V,V,DET,fingers,which,had,been,practically,N_WH,WH_V,V_DET,V
382346,17798,WH,V,V,DET,VN,which,had,been,practically,amputated,WH_V,V_DET,DET_VN,V
382347,17798,V,V,DET,VN,CNJ,had,been,practically,amputated,and,V_V,V_VN,VN_CNJ,ADV
382348,17798,V,DET,VN,CNJ,WH,been,practically,amputated,and,which,V_DET,DET_CNJ,CNJ_WH,ADJ
382349,17798,DET,VN,CNJ,WH,PRO,practically,amputated,and,which,his,DET_VN,VN_WH,WH_PRO,CNJ
382350,17798,VN,CNJ,WH,PRO,N,amputated,and,which,his,mother,VN_CNJ,CNJ_PRO,PRO_N,WH
382351,17798,CNJ,WH,PRO,N,V,and,which,his,mother,had,CNJ_WH,WH_N,N_V,PRO
382352,17798,WH,PRO,N,V,VN,which,his,mother,had,treated,WH_PRO,PRO_V,V_VN,N
382353,17798,PRO,N,V,VN,.,his,mother,had,treated,;,PRO_N,N_VN,VN_.,V
382354,17798,N,V,VN,.,.,mother,had,treated,;,;,N_V,V_.,._.,VN
382355,17798,V,VN,.,.,end,had,treated,;,;,,V_VN,VN_.,._end,.
382356,17798,VN,.,.,end,end,treated,;,;,,,VN_.,._end,end_end,.
391266,18186,start,start,DET,ADJ,N,,,This,carefree,disdain,start_start,start_ADJ,ADJ_N,DET
391267,18186,start,DET,ADJ,N,P,,This,carefree,disdain,for,start_DET,DET_N,N_P,ADJ
391268,18186,DET,ADJ,N,P,``,This,carefree,disdain,for,``,DET_ADJ,ADJ_P,P_``,N
391269,18186,ADJ,N,P,``,N,carefree,disdain,for,``,side,ADJ_N,N_``,``_N,CNJ
391270,18186,N,P,``,N,'',disdain,for,``,side,'',N_P,P_N,N_'',DET
391271,18186,P,``,N,'',VD,for,``,side,'',cropped,P_``,``_'',''_VD,N
391272,18186,``,N,'',VD,ADV,``,side,'',cropped,up,``_N,N_VD,VD_ADV,N
391273,18186,N,'',VD,ADV,ADV,side,'',cropped,up,again,N_'',''_ADV,ADV_ADV,VN
391274,18186,'',VD,ADV,ADV,P,'',cropped,up,again,in,''_VD,VD_ADV,ADV_P,ADV
391275,18186,VD,ADV,ADV,P,DET,cropped,up,again,in,the,VD_ADV,ADV_P,P_DET,ADV
391276,18186,ADV,ADV,P,DET,DET,up,again,in,the,same,ADV_ADV,ADV_DET,DET_DET,P
391277,18186,ADV,P,DET,DET,N,again,in,the,same,television,ADV_P,P_DET,DET_N,DET
391278,18186,P,DET,DET,N,N,in,the,same,television,broadcast,P_DET,DET_N,N_N,DET
391279,18186,DET,DET,N,N,.,the,same,television,broadcast,.,DET_DET,DET_N,N_.,N
391280,18186,DET,N,N,.,end,same,television,broadcast,.,,DET_N,N_.,._end,N
391281,18186,N,N,.,end,end,television,broadcast,.,,,N_N,N_end,end_end,.
399701,18557,start,start,P,DET,DET,,,In,a,far,start_start,start_DET,DET_DET,P
399702,18557,start,P,DET,DET,ADJ,,In,a,far,distant,start_P,P_DET,DET_ADJ,DET
399703,18557,P,DET,DET,ADJ,N,In,a,far,distant,part,P_DET,DET_ADJ,ADJ_N,DET
399704,18557,DET,DET,ADJ,N,P,a,far,distant,part,of,DET_DET,DET_N,N_P,ADJ
399705,18557,DET,ADJ,N,P,DET,far,distant,part,of,the,DET_ADJ,ADJ_P,P_DET,N
399706,18557,ADJ,N,P,DET,VN,distant,part,of,the,United,ADJ_N,N_DET,DET_VN,P
399707,18557,N,P,DET,VN,N,part,of,the,United,States,N_P,P_VN,VN_N,DET
399708,18557,P,DET,VN,N,",",of,the,United,States,",",P_DET,DET_N,"N_,",VN
399709,18557,DET,VN,N,",",PRO,the,United,States,",",I,DET_VN,"VN_,",",_PRO",N
399710,18557,VN,N,",",PRO,V,United,States,",",I,was,VN_N,N_PRO,PRO_V,","
399711,18557,N,",",PRO,V,VG,States,",",I,was,talking,"N_,",",_V",V_VG,PRO
399712,18557,",",PRO,V,VG,P,",",I,was,talking,to,",_PRO",PRO_VG,VG_P,V
399713,18557,PRO,V,VG,P,DET,I,was,talking,to,an,PRO_V,V_P,P_DET,N
399714,18557,V,VG,P,DET,N,was,talking,to,an,instructor,V_VG,VG_DET,DET_N,P
399715,18557,VG,P,DET,N,P,talking,to,an,instructor,about,VG_P,P_N,N_P,DET
399716,18557,P,DET,N,P,DET,to,an,instructor,about,a,P_DET,DET_P,P_DET,N
399717,18557,DET,N,P,DET,N,an,instructor,about,a,boy,DET_N,N_DET,DET_N,P
399718,18557,N,P,DET,N,WH,instructor,about,a,boy,who,N_P,P_N,N_WH,DET
399719,18557,P,DET,N,WH,P,about,a,boy,who,in,P_DET,DET_WH,WH_P,N
399720,18557,DET,N,WH,P,DET,a,boy,who,in,the,DET_N,N_P,P_DET,WH
399721,18557,N,WH,P,DET,NUM,boy,who,in,the,twelfth,N_WH,WH_DET,DET_NUM,P
399722,18557,WH,P,DET,NUM,N,who,in,the,twelfth,grade,WH_P,P_NUM,NUM_N,DET
399723,18557,P,DET,NUM,N,V,in,the,twelfth,grade,was,P_DET,DET_N,N_V,NUM
399724,18557,DET,NUM,N,V,VG,the,twelfth,grade,was,doing,DET_NUM,NUM_V,V_VG,N
399725,18557,NUM,N,V,VG,ADJ,twelfth,grade,was,doing,special,NUM_N,N_VG,VG_ADJ,V
399726,18557,N,V,VG,ADJ,N,grade,was,doing,special,work,N_V,V_ADJ,ADJ_N,VG
399727,18557,V,VG,ADJ,N,.,was,doing,special,work,.,V_VG,VG_N,N_.,ADJ
399728,18557,VG,ADJ,N,.,end,doing,special,work,.,,VG_ADJ,ADJ_.,._end,N
399729,18557,ADJ,N,.,end,end,special,work,.,,,ADJ_N,N_end,end_end,.
410425,19035,start,start,CNJ,WH,VD,,,or,who,ingested,start_start,start_WH,WH_VD,CNJ
410426,19035,start,CNJ,WH,VD,ADJ,,or,who,ingested,strange,start_CNJ,CNJ_VD,VD_ADJ,N
410427,19035,CNJ,WH,VD,ADJ,N,or,who,ingested,strange,objects,CNJ_WH,WH_ADJ,ADJ_N,VD
410428,19035,WH,VD,ADJ,N,",",who,ingested,strange,objects,",",WH_VD,VD_N,"N_,",DET
410429,19035,VD,ADJ,N,",",CNJ,ingested,strange,objects,",",like,VD_ADJ,"ADJ_,",",_CNJ",N
410430,19035,ADJ,N,",",CNJ,ADJ,strange,objects,",",like,live,ADJ_N,N_CNJ,CNJ_ADJ,","
410431,19035,N,",",CNJ,ADJ,N,objects,",",like,live,fish,"N_,",",_ADJ",ADJ_N,CNJ
410432,19035,",",CNJ,ADJ,N,.,",",like,live,fish,;,",_CNJ",CNJ_N,N_.,ADJ
410433,19035,CNJ,ADJ,N,.,.,like,live,fish,;,;,CNJ_ADJ,ADJ_.,._.,N
410434,19035,ADJ,N,.,.,end,live,fish,;,;,,ADJ_N,N_.,._end,.
410435,19035,N,.,.,end,end,fish,;,;,,,N_.,._end,end_end,.
427767,19723,start,start,DET,N,P,,,The,reason,for,start_start,start_N,N_P,DET
427768,19723,start,DET,N,P,DET,,The,reason,for,this,start_DET,DET_P,P_DET,N
427769,19723,DET,N,P,DET,VBZ,The,reason,for,this,bears,DET_N,N_DET,DET_VBZ,P
427770,19723,N,P,DET,VBZ,VG,reason,for,this,bears,explaining,N_P,P_VBZ,VBZ_VG,N
427771,19723,P,DET,VBZ,VG,P,for,this,bears,explaining,for,P_DET,DET_VG,VG_P,N
427772,19723,DET,VBZ,VG,P,DET,this,bears,explaining,for,those,DET_VBZ,VBZ_P,P_DET,ADV
427773,19723,VBZ,VG,P,DET,WH,bears,explaining,for,those,who,VBZ_VG,VG_DET,DET_WH,P
427774,19723,VG,P,DET,WH,MOD,explaining,for,those,who,may,VG_P,P_WH,WH_MOD,DET
427775,19723,P,DET,WH,MOD,V,for,those,who,may,wonder,P_DET,DET_MOD,MOD_V,WH
427776,19723,DET,WH,MOD,V,WH,those,who,may,wonder,why,DET_WH,WH_V,V_WH,MOD
427777,19723,WH,MOD,V,WH,N,who,may,wonder,why,State,WH_MOD,MOD_WH,WH_N,V
427778,19723,MOD,V,WH,N,VBZ,may,wonder,why,State,spends,MOD_V,V_N,N_VBZ,DET
427779,19723,V,WH,N,VBZ,DET,wonder,why,State,spends,so,V_WH,WH_VBZ,VBZ_DET,N
427780,19723,WH,N,VBZ,DET,DET,why,State,spends,so,much,WH_N,N_DET,DET_DET,VBZ
427781,19723,N,VBZ,DET,DET,P,State,spends,so,much,of,N_VBZ,VBZ_DET,DET_P,DET
427782,19723,VBZ,DET,DET,P,PRO,spends,so,much,of,its,VBZ_DET,DET_P,P_PRO,DET
427783,19723,DET,DET,P,PRO,ADJ,so,much,of,its,diplomatic,DET_DET,DET_PRO,PRO_ADJ,P
427784,19723,DET,P,PRO,ADJ,N,much,of,its,diplomatic,energy,DET_P,P_ADJ,ADJ_N,PRO
427785,19723,P,PRO,ADJ,N,P,of,its,diplomatic,energy,on,P_PRO,PRO_N,N_P,ADJ
427786,19723,PRO,ADJ,N,P,NP,its,diplomatic,energy,on,Congress,PRO_ADJ,ADJ_P,P_NP,N
427787,19723,ADJ,N,P,NP,WH,diplomatic,energy,on,Congress,when,ADJ_N,N_NP,NP_WH,P
427788,19723,N,P,NP,WH,DET,energy,on,Congress,when,the,N_P,P_WH,WH_DET,NP
427789,19723,P,NP,WH,DET,NP,on,Congress,when,the,Russians,P_NP,NP_DET,DET_NP,WH
427790,19723,NP,WH,DET,NP,V,Congress,when,the,Russians,are,NP_WH,WH_NP,NP_V,DET
427791,19723,WH,DET,NP,V,DET,when,the,Russians,are,so,WH_DET,DET_V,V_DET,NP
427792,19723,DET,NP,V,DET,ADJ,the,Russians,are,so,available,DET_NP,NP_DET,DET_ADJ,V
427793,19723,NP,V,DET,ADJ,.,Russians,are,so,available,.,NP_V,V_ADJ,ADJ_.,DET
427794,19723,V,DET,ADJ,.,end,are,so,available,.,,V_DET,DET_.,._end,ADJ
427795,19723,DET,ADJ,.,end,end,so,available,.,,,DET_ADJ,ADJ_end,end_end,.
431805,19918,start,start,DET,P,DET,,,Many,of,the,start_start,start_P,P_DET,DET
431806,19918,start,DET,P,DET,N,,Many,of,the,features,start_DET,DET_DET,DET_N,P
431807,19918,DET,P,DET,N,P,Many,of,the,features,of,DET_P,P_N,N_P,DET
431808,19918,P,DET,N,P,DET,of,the,features,of,the,P_DET,DET_P,P_DET,N
431809,19918,DET,N,P,DET,N,the,features,of,the,homes,DET_N,N_DET,DET_N,P
431810,19918,N,P,DET,N,V,features,of,the,homes,are,N_P,P_N,N_V,DET
431811,19918,P,DET,N,V,DET,of,the,homes,are,the,P_DET,DET_V,V_DET,N
431812,19918,DET,N,V,DET,ADJ,the,homes,are,the,latest,DET_N,N_DET,DET_ADJ,V
431813,19918,N,V,DET,ADJ,ADJ,homes,are,the,latest,modern,N_V,V_ADJ,ADJ_ADJ,DET
431814,19918,V,DET,ADJ,ADJ,N,are,the,latest,modern,devices,V_DET,DET_ADJ,ADJ_N,ADJ
431815,19918,DET,ADJ,ADJ,N,P,the,latest,modern,devices,in,DET_ADJ,ADJ_N,N_P,ADJ
431816,19918,ADJ,ADJ,N,P,ADJ,latest,modern,devices,in,American,ADJ_ADJ,ADJ_P,P_ADJ,N
431817,19918,ADJ,N,P,ADJ,N,modern,devices,in,American,homes,ADJ_N,N_ADJ,ADJ_N,P
431818,19918,N,P,ADJ,N,",",devices,in,American,homes,",",N_P,P_N,"N_,",ADJ
431819,19918,P,ADJ,N,",",CNJ,in,American,homes,",",but,P_ADJ,"ADJ_,",",_CNJ",N
431820,19918,ADJ,N,",",CNJ,DET,American,homes,",",but,an,ADJ_N,N_CNJ,CNJ_DET,","
431821,19918,N,",",CNJ,DET,ADJ,homes,",",but,an,interesting,"N_,",",_DET",DET_ADJ,CNJ
431822,19918,",",CNJ,DET,ADJ,N,",",but,an,interesting,blend,",_CNJ",CNJ_ADJ,ADJ_N,DET
431823,19918,CNJ,DET,ADJ,N,P,but,an,interesting,blend,of,CNJ_DET,DET_N,N_P,ADJ
431824,19918,DET,ADJ,N,P,N,an,interesting,blend,of,cultures,DET_ADJ,ADJ_P,P_N,N
431825,19918,ADJ,N,P,N,VBZ,interesting,blend,of,cultures,finds,ADJ_N,N_N,N_VBZ,P
431826,19918,N,P,N,VBZ,PRO,blend,of,cultures,finds,us,N_P,P_VBZ,VBZ_PRO,N
431827,19918,P,N,VBZ,PRO,VG,of,cultures,finds,us,using,P_N,N_PRO,PRO_VG,P
431828,19918,N,VBZ,PRO,VG,ADJ,cultures,finds,us,using,Japanese,N_VBZ,VBZ_VG,VG_ADJ,PRO
431829,19918,VBZ,PRO,VG,ADJ,N,finds,us,using,Japanese,artfulness,VBZ_PRO,PRO_ADJ,ADJ_N,ADJ
431830,19918,PRO,VG,ADJ,N,P,us,using,Japanese,artfulness,in,PRO_VG,VG_N,N_P,ADJ
431831,19918,VG,ADJ,N,P,PRO,using,Japanese,artfulness,in,our,VG_ADJ,ADJ_P,P_PRO,N
431832,19918,ADJ,N,P,PRO,ADJ,Japanese,artfulness,in,our,own,ADJ_N,N_PRO,PRO_ADJ,P
431833,19918,N,P,PRO,ADJ,ADJ,artfulness,in,our,own,Western,N_P,P_ADJ,ADJ_ADJ,PRO
431834,19918,P,PRO,ADJ,ADJ,N,in,our,own,Western,architecture,P_PRO,PRO_ADJ,ADJ_N,ADJ
431835,19918,PRO,ADJ,ADJ,N,P,our,own,Western,architecture,at,PRO_ADJ,ADJ_N,N_P,ADJ
431836,19918,ADJ,ADJ,N,P,DET,own,Western,architecture,at,the,ADJ_ADJ,ADJ_P,P_DET,N
431837,19918,ADJ,N,P,DET,DET,Western,architecture,at,the,same,ADJ_N,N_DET,DET_DET,P
431838,19918,N,P,DET,DET,N,architecture,at,the,same,time,N_P,P_DET,DET_N,DET
431839,19918,P,DET,DET,N,CNJ,at,the,same,time,that,P_DET,DET_N,N_CNJ,DET
431840,19918,DET,DET,N,CNJ,DET,the,same,time,that,the,DET_DET,DET_CNJ,CNJ_DET,N
431841,19918,DET,N,CNJ,DET,NP,same,time,that,the,Japanese,DET_N,N_DET,DET_NP,CNJ
431842,19918,N,CNJ,DET,NP,V,time,that,the,Japanese,are,N_CNJ,CNJ_NP,NP_V,DET
431843,19918,CNJ,DET,NP,V,VG,that,the,Japanese,are,adopting,CNJ_DET,DET_V,V_VG,NP
431844,19918,DET,NP,V,VG,ADJ,the,Japanese,are,adopting,Western,DET_NP,NP_VG,VG_ADJ,V
431845,19918,NP,V,VG,ADJ,N,Japanese,are,adopting,Western,utility,NP_V,V_ADJ,ADJ_N,DET
431846,19918,V,VG,ADJ,N,N,are,adopting,Western,utility,patterns,V_VG,VG_N,N_N,ADJ
431847,19918,VG,ADJ,N,N,.,adopting,Western,utility,patterns,.,VG_ADJ,ADJ_N,N_.,N
431848,19918,ADJ,N,N,.,end,Western,utility,patterns,.,,ADJ_N,N_.,._end,N
431849,19918,N,N,.,end,end,utility,patterns,.,,,N_N,N_end,end_end,.
446050,20537,start,start,P,N,",",,,for,example,",",start_start,start_N,"N_,",P
446051,20537,start,P,N,",",DET,,for,example,",",the,start_P,"P_,",",_DET",N
446052,20537,P,N,",",DET,N,for,example,",",the,mode,P_N,N_DET,DET_N,","
446053,20537,N,",",DET,N,P,example,",",the,mode,of,"N_,",",_N",N_P,DET
446054,20537,",",DET,N,P,N,",",the,mode,of,bravery,",_DET",DET_P,P_N,N
446055,20537,DET,N,P,N,P,the,mode,of,bravery,to,DET_N,N_N,N_P,P
446056,20537,N,P,N,P,DET,mode,of,bravery,to,this,N_P,P_P,P_DET,N
446057,20537,P,N,P,DET,ADJ,of,bravery,to,this,anonymous,P_N,N_DET,DET_ADJ,P
446058,20537,N,P,DET,ADJ,N,bravery,to,this,anonymous,folk,N_P,P_ADJ,ADJ_N,DET
446059,20537,P,DET,ADJ,N,N,to,this,anonymous,folk,poem,P_DET,DET_N,N_N,ADJ
446060,20537,DET,ADJ,N,N,:,this,anonymous,folk,poem,:,DET_ADJ,ADJ_N,N_:,N
446061,20537,ADJ,N,N,:,``,anonymous,folk,poem,:,``,ADJ_N,N_:,:_``,N
446062,20537,N,N,:,``,PRO,folk,poem,:,``,They,N_N,N_``,``_PRO,P
446063,20537,N,:,``,PRO,VD,poem,:,``,They,brought,N_:,:_PRO,PRO_VD,``
446064,20537,:,``,PRO,VD,PRO,:,``,They,brought,me,:_``,``_VD,VD_PRO,PRO
446065,20537,``,PRO,VD,PRO,N,``,They,brought,me,news,``_PRO,PRO_PRO,PRO_N,VD
446066,20537,PRO,VD,PRO,N,CNJ,They,brought,me,news,that,PRO_VD,VD_N,N_CNJ,PRO
446067,20537,VD,PRO,N,CNJ,N,brought,me,news,that,Spring,VD_PRO,PRO_CNJ,CNJ_N,N
446068,20537,PRO,N,CNJ,N,V,me,news,that,Spring,is,PRO_N,N_N,N_V,DET
446069,20537,N,CNJ,N,V,P,news,that,Spring,is,in,N_CNJ,CNJ_V,V_P,N
446070,20537,CNJ,N,V,P,DET,that,Spring,is,in,the,CNJ_N,N_P,P_DET,V
446071,20537,N,V,P,DET,N,Spring,is,in,the,plains,N_V,V_DET,DET_N,P
446072,20537,V,P,DET,N,CNJ,is,in,the,plains,And,V_P,P_N,N_CNJ,DET
446073,20537,P,DET,N,CNJ,NP,in,the,plains,And,Ahmad's,P_DET,DET_CNJ,CNJ_NP,N
446074,20537,DET,N,CNJ,NP,N,the,plains,And,Ahmad's,blood,DET_N,N_NP,NP_N,CNJ
446075,20537,N,CNJ,NP,N,DET,plains,And,Ahmad's,blood,the,N_CNJ,CNJ_N,N_DET,DET
446076,20537,CNJ,NP,N,DET,ADJ,And,Ahmad's,blood,the,crimson,CNJ_NP,NP_DET,DET_ADJ,N
446077,20537,NP,N,DET,ADJ,N,Ahmad's,blood,the,crimson,tulip,NP_N,N_ADJ,ADJ_N,P
446078,20537,N,DET,ADJ,N,VBZ,blood,the,crimson,tulip,stains,N_DET,DET_N,N_VBZ,N
446079,20537,DET,ADJ,N,VBZ,.,the,crimson,tulip,stains,;,DET_ADJ,ADJ_VBZ,VBZ_.,N
446080,20537,ADJ,N,VBZ,.,.,crimson,tulip,stains,;,;,ADJ_N,N_.,._.,N
446081,20537,N,VBZ,.,.,end,tulip,stains,;,;,,N_VBZ,VBZ_.,._end,.
446082,20537,VBZ,.,.,end,end,stains,;,;,,,VBZ_.,._end,end_end,.
500277,22801,start,start,NP,NP,V,,,Mr.,Nehru,is,start_start,start_NP,NP_V,NP
500278,22801,start,NP,NP,V,VN,,Mr.,Nehru,is,subjected,start_NP,NP_V,V_VN,NP
500279,22801,NP,NP,V,VN,P,Mr.,Nehru,is,subjected,to,NP_NP,NP_VN,VN_P,V
500280,22801,NP,V,VN,P,ADJ,Nehru,is,subjected,to,stern,NP_V,V_P,P_ADJ,VN
500281,22801,V,VN,P,ADJ,N,is,subjected,to,stern,lectures,V_VN,VN_ADJ,ADJ_N,P
500282,22801,VN,P,ADJ,N,P,subjected,to,stern,lectures,on,VN_P,P_N,N_P,ADJ
500283,22801,P,ADJ,N,P,N,to,stern,lectures,on,neutralism,P_ADJ,ADJ_P,P_N,N
500284,22801,ADJ,N,P,N,P,stern,lectures,on,neutralism,by,ADJ_N,N_N,N_P,P
500285,22801,N,P,N,P,PRO,lectures,on,neutralism,by,our,N_P,P_P,P_PRO,N
500286,22801,P,N,P,PRO,N,on,neutralism,by,our,Department,P_N,N_PRO,PRO_N,P
500287,22801,N,P,PRO,N,P,neutralism,by,our,Department,of,N_P,P_N,N_P,DET
500288,22801,P,PRO,N,P,N,by,our,Department,of,State,P_PRO,PRO_P,P_N,N
500289,22801,PRO,N,P,N,",",our,Department,of,State,",",PRO_N,N_N,"N_,",P
500290,22801,N,P,N,",",CNJ,Department,of,State,",",and,N_P,"P_,",",_CNJ",N
500291,22801,P,N,",",CNJ,DET,of,State,",",and,an,P_N,N_CNJ,CNJ_DET,","
500292,22801,N,",",CNJ,DET,ADJ,State,",",and,an,American,"N_,",",_DET",DET_ADJ,CNJ
500293,22801,",",CNJ,DET,ADJ,N,",",and,an,American,President,",_CNJ",CNJ_ADJ,ADJ_N,DET
500294,22801,CNJ,DET,ADJ,N,VBZ,and,an,American,President,observes,CNJ_DET,DET_N,N_VBZ,ADJ
500295,22801,DET,ADJ,N,VBZ,ADV,an,American,President,observes,sourly,DET_ADJ,ADJ_VBZ,VBZ_ADV,N
500296,22801,ADJ,N,VBZ,ADV,CNJ,American,President,observes,sourly,that,ADJ_N,N_ADV,ADV_CNJ,VD
500297,22801,N,VBZ,ADV,CNJ,NP,President,observes,sourly,that,Sweden,N_VBZ,VBZ_CNJ,CNJ_NP,ADV
500298,22801,VBZ,ADV,CNJ,NP,MOD,observes,sourly,that,Sweden,would,VBZ_ADV,ADV_NP,NP_MOD,CNJ
500299,22801,ADV,CNJ,NP,MOD,V,sourly,that,Sweden,would,be,ADV_CNJ,CNJ_MOD,MOD_V,NP
500300,22801,CNJ,NP,MOD,V,DET,that,Sweden,would,be,a,CNJ_NP,NP_V,V_DET,MOD
500301,22801,NP,MOD,V,DET,DET,Sweden,would,be,a,little,NP_MOD,MOD_DET,DET_DET,V
500302,22801,MOD,V,DET,DET,DET,would,be,a,little,less,MOD_V,V_DET,DET_DET,DET
500303,22801,V,DET,DET,DET,ADJ,be,a,little,less,neurotic,V_DET,DET_DET,DET_ADJ,DET
500304,22801,DET,DET,DET,ADJ,CNJ,a,little,less,neurotic,if,DET_DET,DET_ADJ,ADJ_CNJ,DET
500305,22801,DET,DET,ADJ,CNJ,PRO,little,less,neurotic,if,it,DET_DET,DET_CNJ,CNJ_PRO,N
500306,22801,DET,ADJ,CNJ,PRO,V,less,neurotic,if,it,were,DET_ADJ,ADJ_PRO,PRO_V,CNJ
500307,22801,ADJ,CNJ,PRO,V,DET,neurotic,if,it,were,a,ADJ_CNJ,CNJ_V,V_DET,PRO
500308,22801,CNJ,PRO,V,DET,DET,if,it,were,a,little,CNJ_PRO,PRO_DET,DET_DET,V
500309,22801,PRO,V,DET,DET,DET,it,were,a,little,more,PRO_V,V_DET,DET_DET,DET
500310,22801,V,DET,DET,DET,ADJ,were,a,little,more,capitalistic,V_DET,DET_DET,DET_ADJ,DET
500311,22801,DET,DET,DET,ADJ,'',a,little,more,capitalistic,'',DET_DET,DET_ADJ,ADJ_'',DET
500312,22801,DET,DET,ADJ,'',.,little,more,capitalistic,'',.,DET_DET,DET_'',''_.,N
500313,22801,DET,ADJ,'',.,end,more,capitalistic,'',.,,DET_ADJ,ADJ_.,._end,''
500314,22801,ADJ,'',.,end,end,capitalistic,'',.,,,ADJ_'',''_end,end_end,.
514847,23406,start,start,CNJ,PRO,V,,,but,they,are,start_start,start_PRO,PRO_V,CNJ
514848,23406,start,CNJ,PRO,V,ADJ,,but,they,are,important,start_CNJ,CNJ_V,V_ADJ,PRO
514849,23406,CNJ,PRO,V,ADJ,N,but,they,are,important,foundation,CNJ_PRO,PRO_ADJ,ADJ_N,V
514850,23406,PRO,V,ADJ,N,N,they,are,important,foundation,stones,PRO_V,V_N,N_N,ADJ
514851,23406,V,ADJ,N,N,P,are,important,foundation,stones,for,V_ADJ,ADJ_N,N_P,N
514852,23406,ADJ,N,N,P,DET,important,foundation,stones,for,more,ADJ_N,N_P,P_DET,N
514853,23406,N,N,P,DET,ADJ,foundation,stones,for,more,extensive,N_N,N_DET,DET_ADJ,P
514854,23406,N,P,DET,ADJ,N,stones,for,more,extensive,exploration,N_P,P_ADJ,ADJ_N,DET
514855,23406,P,DET,ADJ,N,P,for,more,extensive,exploration,of,P_DET,DET_N,N_P,ADJ
514856,23406,DET,ADJ,N,P,ADJ,more,extensive,exploration,of,outer,DET_ADJ,ADJ_P,P_ADJ,N
514857,23406,ADJ,N,P,ADJ,N,extensive,exploration,of,outer,space,ADJ_N,N_ADJ,ADJ_N,P
514858,23406,N,P,ADJ,N,P,exploration,of,outer,space,for,N_P,P_N,N_P,ADJ
514859,23406,P,ADJ,N,P,DET,of,outer,space,for,the,P_ADJ,ADJ_P,P_DET,N
514860,23406,ADJ,N,P,DET,ADJ,outer,space,for,the,ultimate,ADJ_N,N_DET,DET_ADJ,P
514861,23406,N,P,DET,ADJ,N,space,for,the,ultimate,benefit,N_P,P_ADJ,ADJ_N,DET
514862,23406,P,DET,ADJ,N,P,for,the,ultimate,benefit,of,P_DET,DET_N,N_P,ADJ
514863,23406,DET,ADJ,N,P,DET,the,ultimate,benefit,of,all,DET_ADJ,ADJ_P,P_DET,N
514864,23406,ADJ,N,P,DET,N,ultimate,benefit,of,all,mankind,ADJ_N,N_DET,DET_N,P
514865,23406,N,P,DET,N,.,benefit,of,all,mankind,.,N_P,P_N,N_.,DET
514866,23406,P,DET,N,.,end,of,all,mankind,.,,P_DET,DET_.,._end,N
514867,23406,DET,N,.,end,end,all,mankind,.,,,DET_N,N_end,end_end,.
552067,25043,start,start,CNJ,DET,NUM,,,But,this,one,start_start,start_DET,DET_NUM,CNJ
552068,25043,start,CNJ,DET,NUM,V,,But,this,one,was,start_CNJ,CNJ_NUM,NUM_V,DET
552069,25043,CNJ,DET,NUM,V,.,But,this,one,was,.,CNJ_DET,DET_V,V_.,PRO
552070,25043,DET,NUM,V,.,end,this,one,was,.,,DET_NUM,NUM_.,._end,V
552071,25043,NUM,V,.,end,end,one,was,.,,,NUM_V,V_end,end_end,.
564709,25594,start,start,PRO,ADV,V,,,They,even,accept,start_start,start_ADV,ADV_V,PRO
564710,25594,start,PRO,ADV,V,DET,,They,even,accept,the,start_PRO,PRO_V,V_DET,V
564711,25594,PRO,ADV,V,DET,``,They,even,accept,the,``,PRO_ADV,ADV_DET,DET_``,V
564712,25594,ADV,V,DET,``,ADJ,even,accept,the,``,double,ADV_V,V_``,``_ADJ,DET
564713,25594,V,DET,``,ADJ,N,accept,the,``,double,standard,V_DET,DET_ADJ,ADJ_N,``
564714,25594,DET,``,ADJ,N,'',the,``,double,standard,'',DET_``,``_N,N_'',ADJ
564715,25594,``,ADJ,N,'',P,``,double,standard,'',of,``_ADJ,ADJ_'',''_P,N
564716,25594,ADJ,N,'',P,N,double,standard,'',of,sex,ADJ_N,N_P,P_N,N
564717,25594,N,'',P,N,N,standard,'',of,sex,morality,N_'',''_N,N_N,P
564718,25594,'',P,N,N,P,'',of,sex,morality,in,''_P,P_N,N_P,DET
564719,25594,P,N,N,P,DET,of,sex,morality,in,a,P_N,N_P,P_DET,N
564720,25594,N,N,P,DET,ADJ,sex,morality,in,a,double,N_N,N_DET,DET_ADJ,P
564721,25594,N,P,DET,ADJ,N,morality,in,a,double,sense,N_P,P_ADJ,ADJ_N,DET
564722,25594,P,DET,ADJ,N,",",in,a,double,sense,",",P_DET,DET_N,"N_,",ADJ
564723,25594,DET,ADJ,N,",",ADV,a,double,sense,",",i.e.,DET_ADJ,"ADJ_,",",_ADV",N
564724,25594,ADJ,N,",",ADV,",",double,sense,",",i.e.,",",ADJ_N,N_ADV,"ADV_,",","
564725,25594,N,",",ADV,",",DET,sense,",",i.e.,",",both,"N_,",",_,",",_DET",ADV
564726,25594,",",ADV,",",DET,N,",",i.e.,",",both,sexes,",_ADV",ADV_DET,DET_N,","
564727,25594,ADV,",",DET,N,V,i.e.,",",both,sexes,agree,"ADV_,",",_N",N_V,DET
564728,25594,",",DET,N,V,CNJ,",",both,sexes,agree,that,",_DET",DET_V,V_CNJ,N
564729,25594,DET,N,V,CNJ,N,both,sexes,agree,that,standards,DET_N,N_CNJ,CNJ_N,","
564730,25594,N,V,CNJ,N,P,sexes,agree,that,standards,for,N_V,V_N,N_P,DET
564731,25594,V,CNJ,N,P,N,agree,that,standards,for,men,V_CNJ,CNJ_P,P_N,N
564732,25594,CNJ,N,P,N,V,that,standards,for,men,differ,CNJ_N,N_N,N_V,P
564733,25594,N,P,N,V,P,standards,for,men,differ,from,N_P,P_V,V_P,N
564734,25594,P,N,V,P,N,for,men,differ,from,standards,P_N,N_P,P_N,V
564735,25594,N,V,P,N,P,men,differ,from,standards,for,N_V,V_N,N_P,P
564736,25594,V,P,N,P,N,differ,from,standards,for,women,V_P,P_P,P_N,N
564737,25594,P,N,P,N,",",from,standards,for,women,",",P_N,N_N,"N_,",P
564738,25594,N,P,N,",",CNJ,standards,for,women,",",and,N_P,"P_,",",_CNJ",N
564739,25594,P,N,",",CNJ,N,for,women,",",and,women,P_N,N_CNJ,CNJ_N,","
564740,25594,N,",",CNJ,N,V,women,",",and,women,apply,"N_,",",_N",N_V,CNJ
564741,25594,",",CNJ,N,V,P,",",and,women,apply,to,",_CNJ",CNJ_V,V_P,N
564742,25594,CNJ,N,V,P,DET,and,women,apply,to,both,CNJ_N,N_P,P_DET,V
564743,25594,N,V,P,DET,N,women,apply,to,both,sexes,N_V,V_DET,DET_N,P
564744,25594,V,P,DET,N,DET,apply,to,both,sexes,a,V_P,P_N,N_DET,DET
564745,25594,P,DET,N,DET,N,to,both,sexes,a,standard,P_DET,DET_DET,DET_N,N
564746,25594,DET,N,DET,N,ADJ,both,sexes,a,standard,different,DET_N,N_N,N_ADJ,P
564747,25594,N,DET,N,ADJ,P,sexes,a,standard,different,from,N_DET,DET_ADJ,ADJ_P,N
564748,25594,DET,N,ADJ,P,DET,a,standard,different,from,that,DET_N,N_P,P_DET,ADJ
564749,25594,N,ADJ,P,DET,VN,standard,different,from,that,held,N_ADJ,ADJ_DET,DET_VN,P
564750,25594,ADJ,P,DET,VN,P,different,from,that,held,by,ADJ_P,P_VN,VN_P,DET
564751,25594,P,DET,VN,P,N,from,that,held,by,men,P_DET,DET_P,P_N,VN
564752,25594,DET,VN,P,N,.,that,held,by,men,.,DET_VN,VN_N,N_.,P
564753,25594,VN,P,N,.,end,held,by,men,.,,VN_P,P_.,._end,N
564754,25594,P,N,.,end,end,by,men,.,,,P_N,N_end,end_end,.
590006,26512,start,start,PRO,ADJ,N,,,His,later,boastings,start_start,start_ADJ,ADJ_N,PRO
590007,26512,start,PRO,ADJ,N,P,,His,later,boastings,of,start_PRO,PRO_N,N_P,ADJ
590008,26512,PRO,ADJ,N,P,PRO,His,later,boastings,of,his,PRO_ADJ,ADJ_P,P_PRO,N
590009,26512,ADJ,N,P,PRO,N,later,boastings,of,his,skill,ADJ_N,N_PRO,PRO_N,P
590010,26512,N,P,PRO,N,P,boastings,of,his,skill,with,N_P,P_N,N_P,PRO
590011,26512,P,PRO,N,P,DET,of,his,skill,with,the,P_PRO,PRO_P,P_DET,N
590012,26512,PRO,N,P,DET,ADJ,his,skill,with,the,small,PRO_N,N_DET,DET_ADJ,P
590013,26512,N,P,DET,ADJ,N,skill,with,the,small,sword,N_P,P_ADJ,ADJ_N,DET
590014,26512,P,DET,ADJ,N,V,with,the,small,sword,are,P_DET,DET_N,N_V,ADJ
590015,26512,DET,ADJ,N,V,ADJ,the,small,sword,are,indicative,DET_ADJ,ADJ_V,V_ADJ,N
590016,26512,ADJ,N,V,ADJ,P,small,sword,are,indicative,of,ADJ_N,N_ADJ,ADJ_P,V
590017,26512,N,V,ADJ,P,DET,sword,are,indicative,of,much,N_V,V_P,P_DET,ADJ
590018,26512,V,ADJ,P,DET,N,are,indicative,of,much,time,V_ADJ,ADJ_DET,DET_N,P
590019,26512,ADJ,P,DET,N,CNJ,indicative,of,much,time,and,ADJ_P,P_N,N_CNJ,DET
590020,26512,P,DET,N,CNJ,N,of,much,time,and,practice,P_DET,DET_CNJ,CNJ_N,N
590021,26512,DET,N,CNJ,N,VN,much,time,and,practice,devoted,DET_N,N_N,N_VN,CNJ
590022,26512,N,CNJ,N,VN,P,time,and,practice,devoted,to,N_CNJ,CNJ_VN,VN_P,N
590023,26512,CNJ,N,VN,P,DET,and,practice,devoted,to,the,CNJ_N,N_P,P_DET,VD
590024,26512,N,VN,P,DET,N,practice,devoted,to,the,use,N_VN,VN_DET,DET_N,P
590025,26512,VN,P,DET,N,P,devoted,to,the,use,of,VN_P,P_N,N_P,DET
590026,26512,P,DET,N,P,DET,to,the,use,of,that,P_DET,DET_P,P_DET,N
590027,26512,DET,N,P,DET,N,the,use,of,that,weapon,DET_N,N_DET,DET_N,P
590028,26512,N,P,DET,N,.,use,of,that,weapon,.,N_P,P_N,N_.,DET
590029,26512,P,DET,N,.,end,of,that,weapon,.,,P_DET,DET_.,._end,N
590030,26512,DET,N,.,end,end,that,weapon,.,,,DET_N,N_end,end_end,.
591151,26547,start,start,ADV,PRO,V,,,Apparently,he,was,start_start,start_PRO,PRO_V,ADV
591152,26547,start,ADV,PRO,V,*,,Apparently,he,was,not,start_ADV,ADV_V,V_*,PRO
591153,26547,ADV,PRO,V,*,DET,Apparently,he,was,not,a,ADV_PRO,PRO_*,*_DET,V
591154,26547,PRO,V,*,DET,N,he,was,not,a,participant,PRO_V,V_DET,DET_N,*
591155,26547,V,*,DET,N,P,was,not,a,participant,in,V_*,*_N,N_P,DET
591156,26547,*,DET,N,P,DET,not,a,participant,in,the,*_DET,DET_P,P_DET,N
591157,26547,DET,N,P,DET,N,a,participant,in,the,college,DET_N,N_DET,DET_N,P
591158,26547,N,P,DET,N,CNJ,participant,in,the,college,or,N_P,P_N,N_CNJ,DET
591159,26547,P,DET,N,CNJ,N,in,the,college,or,university,P_DET,DET_CNJ,CNJ_N,N
591160,26547,DET,N,CNJ,N,N,the,college,or,university,theatricals,DET_N,N_N,N_N,CNJ
591161,26547,N,CNJ,N,N,",",college,or,university,theatricals,",",N_CNJ,CNJ_N,"N_,",N
591162,26547,CNJ,N,N,",",WH,or,university,theatricals,",",which,CNJ_N,"N_,",",_WH",N
591163,26547,N,N,",",WH,PRO,university,theatricals,",",which,he,N_N,N_WH,WH_PRO,","
591164,26547,N,",",WH,PRO,ADV,theatricals,",",which,he,once,"N_,",",_PRO",PRO_ADV,WH
591165,26547,",",WH,PRO,ADV,VD,",",which,he,once,attacked,",_WH",WH_ADV,ADV_VD,PRO
591166,26547,WH,PRO,ADV,VD,CNJ,which,he,once,attacked,as,WH_PRO,PRO_VD,VD_CNJ,ADV
591167,26547,PRO,ADV,VD,CNJ,DET,he,once,attacked,as,utterly,PRO_ADV,ADV_CNJ,CNJ_DET,VN
591168,26547,ADV,VD,CNJ,DET,ADJ,once,attacked,as,utterly,unworthy,ADV_VD,VD_DET,DET_ADJ,P
591169,26547,VD,CNJ,DET,ADJ,N,attacked,as,utterly,unworthy,performances,VD_CNJ,CNJ_ADJ,ADJ_N,DET
591170,26547,CNJ,DET,ADJ,N,(,as,utterly,unworthy,performances,(,CNJ_DET,DET_N,N_(,ADJ
591171,26547,DET,ADJ,N,(,V,utterly,unworthy,performances,(,see,DET_ADJ,ADJ_(,(_V,N
591172,26547,ADJ,N,(,V,N,unworthy,performances,(,see,Apology,ADJ_N,N_V,V_N,N
591173,26547,N,(,V,N,",",performances,(,see,Apology,",",N_(,(_N,"N_,",V
591174,26547,(,V,N,",",NUM,(,see,Apology,",",3:300,(_V,"V_,",",_NUM",N
591175,26547,V,N,",",NUM,),see,Apology,",",3:300,),V_N,N_NUM,NUM_),","
591176,26547,N,",",NUM,),.,Apology,",",3:300,),;,"N_,",",_)",)_.,N
591177,26547,",",NUM,),.,.,",",3:300,),;,;,",_NUM",NUM_.,._.,)
591178,26547,NUM,),.,.,end,3:300,),;,;,,NUM_),)_.,._end,.
591179,26547,),.,.,end,end,),;,;,,,)_.,._end,end_end,.
637665,28502,start,start,ADJ,N,V,,,Military,experts,say,start_start,start_N,N_V,ADJ
637666,28502,start,ADJ,N,V,DET,,Military,experts,say,a,start_ADJ,ADJ_V,V_DET,N
637667,28502,ADJ,N,V,DET,ADJ,Military,experts,say,a,tight,ADJ_N,N_DET,DET_ADJ,V
637668,28502,N,V,DET,ADJ,ADJ,experts,say,a,tight,naval,N_V,V_ADJ,ADJ_ADJ,DET
637669,28502,V,DET,ADJ,ADJ,N,say,a,tight,naval,blockade,V_DET,DET_ADJ,ADJ_N,ADJ
637670,28502,DET,ADJ,ADJ,N,P,a,tight,naval,blockade,off,DET_ADJ,ADJ_N,N_P,ADJ
637671,28502,ADJ,ADJ,N,P,ADJ,tight,naval,blockade,off,Cuban,ADJ_ADJ,ADJ_P,P_ADJ,N
637672,28502,ADJ,N,P,ADJ,N,naval,blockade,off,Cuban,ports,ADJ_N,N_ADJ,ADJ_N,P
637673,28502,N,P,ADJ,N,CNJ,blockade,off,Cuban,ports,and,N_P,P_N,N_CNJ,ADJ
637674,28502,P,ADJ,N,CNJ,P,off,Cuban,ports,and,at,P_ADJ,ADJ_CNJ,CNJ_P,N
637675,28502,ADJ,N,CNJ,P,DET,Cuban,ports,and,at,the,ADJ_N,N_P,P_DET,CNJ
637676,28502,N,CNJ,P,DET,N,ports,and,at,the,approaches,N_CNJ,CNJ_DET,DET_N,P
637677,28502,CNJ,P,DET,N,P,and,at,the,approaches,to,CNJ_P,P_N,N_P,DET
637678,28502,P,DET,N,P,ADJ,at,the,approaches,to,Cuban,P_DET,DET_P,P_ADJ,N
637679,28502,DET,N,P,ADJ,N,the,approaches,to,Cuban,waters,DET_N,N_ADJ,ADJ_N,P
637680,28502,N,P,ADJ,N,MOD,approaches,to,Cuban,waters,would,N_P,P_N,N_MOD,ADJ
637681,28502,P,ADJ,N,MOD,V,to,Cuban,waters,would,require,P_ADJ,ADJ_MOD,MOD_V,N
637682,28502,ADJ,N,MOD,V,NUM,Cuban,waters,would,require,two,ADJ_N,N_V,V_NUM,MOD
637683,28502,N,MOD,V,NUM,ADJ,waters,would,require,two,naval,N_MOD,MOD_NUM,NUM_ADJ,V
637684,28502,MOD,V,NUM,ADJ,N,would,require,two,naval,task,MOD_V,V_ADJ,ADJ_N,DET
637685,28502,V,NUM,ADJ,N,N,require,two,naval,task,forces,V_NUM,NUM_N,N_N,ADJ
637686,28502,NUM,ADJ,N,N,",",two,naval,task,forces,",",NUM_ADJ,ADJ_N,"N_,",N
637687,28502,ADJ,N,N,",",DET,naval,task,forces,",",each,ADJ_N,"N_,",",_DET",N
637688,28502,N,N,",",DET,VN,task,forces,",",each,built,N_N,N_DET,DET_VN,","
637689,28502,N,",",DET,VN,P,forces,",",each,built,around,"N_,",",_VN",VN_P,DET
637690,28502,",",DET,VN,P,DET,",",each,built,around,an,",_DET",DET_P,P_DET,VN
637691,28502,DET,VN,P,DET,N,each,built,around,an,aircraft,DET_VN,VN_DET,DET_N,P
637692,28502,VN,P,DET,N,N,built,around,an,aircraft,carrier,VN_P,P_N,N_N,DET
637693,28502,P,DET,N,N,P,around,an,aircraft,carrier,with,P_DET,DET_N,N_P,N
637694,28502,DET,N,N,P,DET,an,aircraft,carrier,with,a,DET_N,N_P,P_DET,N
637695,28502,N,N,P,DET,N,aircraft,carrier,with,a,complement,N_N,N_DET,DET_N,P
637696,28502,N,P,DET,N,P,carrier,with,a,complement,of,N_P,P_N,N_P,DET
637697,28502,P,DET,N,P,ADV,with,a,complement,of,about,P_DET,DET_P,P_ADV,N
637698,28502,DET,N,P,ADV,NUM,a,complement,of,about,100,DET_N,N_ADV,ADV_NUM,P
637699,28502,N,P,ADV,NUM,N,complement,of,about,100,planes,N_P,P_NUM,NUM_N,P
637700,28502,P,ADV,NUM,N,CNJ,of,about,100,planes,and,P_ADV,ADV_N,N_CNJ,NUM
637701,28502,ADV,NUM,N,CNJ,DET,about,100,planes,and,several,ADV_NUM,NUM_CNJ,CNJ_DET,N
637702,28502,NUM,N,CNJ,DET,N,100,planes,and,several,destroyers,NUM_N,N_DET,DET_N,P
637703,28502,N,CNJ,DET,N,.,planes,and,several,destroyers,.,N_CNJ,CNJ_N,N_.,DET
637704,28502,CNJ,DET,N,.,end,and,several,destroyers,.,,CNJ_DET,DET_.,._end,N
637705,28502,DET,N,.,end,end,several,destroyers,.,,,DET_N,N_end,end_end,.
660331,29453,start,start,DET,DET,N,,,The,same,restrictions,start_start,start_DET,DET_N,DET
660332,29453,start,DET,DET,N,V,,The,same,restrictions,apply,start_DET,DET_N,N_V,DET
660333,29453,DET,DET,N,V,P,The,same,restrictions,apply,after,DET_DET,DET_V,V_P,N
660334,29453,DET,N,V,P,ADJ,same,restrictions,apply,after,local,DET_N,N_P,P_ADJ,V
660335,29453,N,V,P,ADJ,N,restrictions,apply,after,local,sunset,N_V,V_ADJ,ADJ_N,P
660336,29453,V,P,ADJ,N,P,apply,after,local,sunset,in,V_P,P_N,N_P,ADJ
660337,29453,P,ADJ,N,P,DET,after,local,sunset,in,the,P_ADJ,ADJ_P,P_DET,N
660338,29453,ADJ,N,P,DET,N,local,sunset,in,the,case,ADJ_N,N_DET,DET_N,P
660339,29453,N,P,DET,N,P,sunset,in,the,case,of,N_P,P_N,N_P,DET
660340,29453,P,DET,N,P,N,in,the,case,of,class,P_DET,DET_P,P_N,N
660341,29453,DET,N,P,N,NUM,the,case,of,class,3,DET_N,N_N,N_NUM,P
660342,29453,N,P,N,NUM,",",case,of,class,3,",",N_P,P_NUM,"NUM_,",N
660343,29453,P,N,NUM,",",N,of,class,3,",",stations,P_N,"N_,",",_N",NUM
660344,29453,N,NUM,",",N,VG,class,3,",",stations,operating,N_NUM,NUM_N,N_VG,","
660345,29453,NUM,",",N,VG,P,3,",",stations,operating,on,"NUM_,",",_VG",VG_P,N
660346,29453,",",N,VG,P,ADJ,",",stations,operating,on,regional,",_N",N_P,P_ADJ,VG
660347,29453,N,VG,P,ADJ,N,stations,operating,on,regional,channels,N_VG,VG_ADJ,ADJ_N,P
660348,29453,VG,P,ADJ,N,",",operating,on,regional,channels,",",VG_P,P_N,"N_,",ADJ
660349,29453,P,ADJ,N,",",WH,on,regional,channels,",",which,P_ADJ,"ADJ_,",",_WH",N
660350,29453,ADJ,N,",",WH,P,regional,channels,",",which,after,ADJ_N,N_WH,WH_P,","
660351,29453,N,",",WH,P,DET,channels,",",which,after,that,"N_,",",_P",P_DET,WH
660352,29453,",",WH,P,DET,N,",",which,after,that,time,",_WH",WH_DET,DET_N,P
660353,29453,WH,P,DET,N,V,which,after,that,time,are,WH_P,P_N,N_V,DET
660354,29453,P,DET,N,V,VN,after,that,time,are,required,P_DET,DET_V,V_VN,N
660355,29453,DET,N,V,VN,TO,that,time,are,required,to,DET_N,N_VN,VN_TO,V
660356,29453,N,V,VN,TO,V,time,are,required,to,operate,N_V,V_TO,TO_V,VN
660357,29453,V,VN,TO,V,P,are,required,to,operate,under,V_VN,VN_V,V_P,TO
660358,29453,VN,TO,V,P,ADJ,required,to,operate,under,nighttime,VN_TO,TO_P,P_ADJ,V
660359,29453,TO,V,P,ADJ,N,to,operate,under,nighttime,restrictions,TO_V,V_ADJ,ADJ_N,P
660360,29453,V,P,ADJ,N,P,operate,under,nighttime,restrictions,in,V_P,P_N,N_P,ADJ
660361,29453,P,ADJ,N,P,N,under,nighttime,restrictions,in,order,P_ADJ,ADJ_P,P_N,N
660362,29453,ADJ,N,P,N,TO,nighttime,restrictions,in,order,to,ADJ_N,N_N,N_TO,P
660363,29453,N,P,N,TO,V,restrictions,in,order,to,protect,N_P,P_TO,TO_V,N
660364,29453,P,N,TO,V,DET,in,order,to,protect,each,P_N,N_V,V_DET,TO
660365,29453,N,TO,V,DET,DET,order,to,protect,each,other,N_TO,TO_DET,DET_DET,V
660366,29453,TO,V,DET,DET,.,to,protect,each,other,.,TO_V,V_DET,DET_.,DET
660367,29453,V,DET,DET,.,end,protect,each,other,.,,V_DET,DET_.,._end,DET
660368,29453,DET,DET,.,end,end,each,other,.,,,DET_DET,DET_end,end_end,.
673133,29993,start,start,DET,NP,ADJ,,,The,Carleton,Social,start_start,start_NP,NP_ADJ,DET
673134,29993,start,DET,NP,ADJ,N,,The,Carleton,Social,Co-operative,start_DET,DET_ADJ,ADJ_N,NP
673135,29993,DET,NP,ADJ,N,V,The,Carleton,Social,Co-operative,is,DET_NP,NP_N,N_V,N
673136,29993,NP,ADJ,N,V,DET,Carleton,Social,Co-operative,is,a,NP_ADJ,ADJ_V,V_DET,N
673137,29993,ADJ,N,V,DET,VG,Social,Co-operative,is,a,standing,ADJ_N,N_DET,DET_VG,V
673138,29993,N,V,DET,VG,N,Co-operative,is,a,standing,committee,N_V,V_VG,VG_N,DET
673139,29993,V,DET,VG,N,P,is,a,standing,committee,of,V_DET,DET_N,N_P,N
673140,29993,DET,VG,N,P,DET,a,standing,committee,of,the,DET_VG,VG_P,P_DET,N
673141,29993,VG,N,P,DET,NP,standing,committee,of,the,Carleton,VG_N,N_DET,DET_NP,P
673142,29993,N,P,DET,NP,N,committee,of,the,Carleton,Student,N_P,P_NP,NP_N,DET
673143,29993,P,DET,NP,N,N,of,the,Carleton,Student,Association,P_DET,DET_N,N_N,NP
673144,29993,DET,NP,N,N,.,the,Carleton,Student,Association,.,DET_NP,NP_N,N_.,N
673145,29993,NP,N,N,.,end,Carleton,Student,Association,.,,NP_N,N_.,._end,N
673146,29993,N,N,.,end,end,Student,Association,.,,,N_N,N_end,end_end,.
695417,30922,start,start,DET,N,N,,,The,air,conditioning,start_start,start_N,N_N,DET
695418,30922,start,DET,N,N,CNJ,,The,air,conditioning,and,start_DET,DET_N,N_CNJ,N
695419,30922,DET,N,N,CNJ,VG,The,air,conditioning,and,ventilating,DET_N,N_CNJ,CNJ_VG,N
695420,30922,N,N,CNJ,VG,N,air,conditioning,and,ventilating,systems,N_N,N_VG,VG_N,CNJ
695421,30922,N,CNJ,VG,N,P,conditioning,and,ventilating,systems,of,N_CNJ,CNJ_N,N_P,DET
695422,30922,CNJ,VG,N,P,ADJ,and,ventilating,systems,of,large,CNJ_VG,VG_P,P_ADJ,N
695423,30922,VG,N,P,ADJ,N,ventilating,systems,of,large,buildings,VG_N,N_ADJ,ADJ_N,P
695424,30922,N,P,ADJ,N,V,systems,of,large,buildings,are,N_P,P_N,N_V,ADJ
695425,30922,P,ADJ,N,V,ADJ,of,large,buildings,are,subject,P_ADJ,ADJ_V,V_ADJ,N
695426,30922,ADJ,N,V,ADJ,P,large,buildings,are,subject,to,ADJ_N,N_ADJ,ADJ_P,V
695427,30922,N,V,ADJ,P,N,buildings,are,subject,to,attack,N_V,V_P,P_N,N
695428,30922,V,ADJ,P,N,.,are,subject,to,attack,.,V_ADJ,ADJ_N,N_.,P
695429,30922,ADJ,P,N,.,end,subject,to,attack,.,,ADJ_P,P_.,._end,N
695430,30922,P,N,.,end,end,to,attack,.,,,P_N,N_end,end_end,.
696059,30955,start,start,ADV,",",P,,,however,",",in,start_start,"start_,",",_P",ADV
696060,30955,start,ADV,",",P,DET,,however,",",in,the,start_ADV,ADV_P,P_DET,","
696061,30955,ADV,",",P,DET,N,however,",",in,the,interest,"ADV_,",",_DET",DET_N,P
696062,30955,",",P,DET,N,P,",",in,the,interest,of,",_P",P_N,N_P,DET
696063,30955,P,DET,N,P,N,in,the,interest,of,clarity,P_DET,DET_P,P_N,N
696064,30955,DET,N,P,N,CNJ,the,interest,of,clarity,and,DET_N,N_N,N_CNJ,P
696065,30955,N,P,N,CNJ,N,interest,of,clarity,and,conciseness,N_P,P_CNJ,CNJ_N,N
696066,30955,P,N,CNJ,N,ADV,of,clarity,and,conciseness,only,P_N,N_N,N_ADV,CNJ
696067,30955,N,CNJ,N,ADV,DET,clarity,and,conciseness,only,the,N_CNJ,CNJ_ADV,ADV_DET,DET
696068,30955,CNJ,N,ADV,DET,N,and,conciseness,only,the,results,CNJ_N,N_DET,DET_N,ADV
696069,30955,N,ADV,DET,N,VN,conciseness,only,the,results,obtained,N_ADV,ADV_N,N_VN,DET
696070,30955,ADV,DET,N,VN,P,only,the,results,obtained,with,ADV_DET,DET_VN,VN_P,N
696071,30955,DET,N,VN,P,ADJ,the,results,obtained,with,homozygous,DET_N,N_P,P_ADJ,VN
696072,30955,N,VN,P,ADJ,N,results,obtained,with,homozygous,Af,N_VN,VN_ADJ,ADJ_N,P
696073,30955,VN,P,ADJ,N,CNJ,obtained,with,homozygous,Af,and,VN_P,P_N,N_CNJ,ADJ
696074,30955,P,ADJ,N,CNJ,ADJ,with,homozygous,Af,and,homozygous,P_ADJ,ADJ_CNJ,CNJ_ADJ,N
696075,30955,ADJ,N,CNJ,ADJ,N,homozygous,Af,and,homozygous,Af,ADJ_N,N_ADJ,ADJ_N,CNJ
696076,30955,N,CNJ,ADJ,N,N,Af,and,homozygous,Af,cells,N_CNJ,CNJ_N,N_N,ADJ
696077,30955,CNJ,ADJ,N,N,MOD,and,homozygous,Af,cells,will,CNJ_ADJ,ADJ_N,N_MOD,N
696078,30955,ADJ,N,N,MOD,V,homozygous,Af,cells,will,be,ADJ_N,N_MOD,MOD_V,N
696079,30955,N,N,MOD,V,VN,Af,cells,will,be,presented,N_N,N_V,V_VN,MOD
696080,30955,N,MOD,V,VN,ADV,cells,will,be,presented,here,N_MOD,MOD_VN,VN_ADV,V
696081,30955,MOD,V,VN,ADV,.,will,be,presented,here,.,MOD_V,V_ADV,ADV_.,VN
696082,30955,V,VN,ADV,.,end,be,presented,here,.,,V_VN,VN_.,._end,ADV
696083,30955,VN,ADV,.,end,end,presented,here,.,,,VN_ADV,ADV_end,end_end,.
789148,34853,start,start,N,ADJ,N,,,High-tension,industrial,power,start_start,start_ADJ,ADJ_N,DET
789149,34853,start,N,ADJ,N,N,,High-tension,industrial,power,service,start_N,N_N,N_N,ADJ
789150,34853,N,ADJ,N,N,",",High-tension,industrial,power,service,",",N_ADJ,ADJ_N,"N_,",N
789151,34853,ADJ,N,N,",",P,industrial,power,service,",",for,ADJ_N,"N_,",",_P",N
789152,34853,N,N,",",P,N,power,service,",",for,example,N_N,N_P,P_N,","
789153,34853,N,",",P,N,",",service,",",for,example,",","N_,",",_N","N_,",P
789154,34853,",",P,N,",",MOD,",",for,example,",",would,",_P","P_,",",_MOD",N
789155,34853,P,N,",",MOD,*,for,example,",",would,not,P_N,N_MOD,MOD_*,","
789156,34853,N,",",MOD,*,V,example,",",would,not,be,"N_,",",_*",*_V,MOD
789157,34853,",",MOD,*,V,VN,",",would,not,be,charged,",_MOD",MOD_V,V_VN,*
789158,34853,MOD,*,V,VN,P,would,not,be,charged,with,MOD_*,*_VN,VN_P,V
789159,34853,*,V,VN,P,DET,not,be,charged,with,any,*_V,V_P,P_DET,VN
789160,34853,V,VN,P,DET,N,be,charged,with,any,share,V_VN,VN_DET,DET_N,P
789161,34853,VN,P,DET,N,P,charged,with,any,share,of,VN_P,P_N,N_P,DET
789162,34853,P,DET,N,P,DET,with,any,share,of,the,P_DET,DET_P,P_DET,N
789163,34853,DET,N,P,DET,N,any,share,of,the,maintenance,DET_N,N_DET,DET_N,P
789164,34853,N,P,DET,N,N,share,of,the,maintenance,costs,N_P,P_N,N_N,DET
789165,34853,P,DET,N,N,CNJ,of,the,maintenance,costs,or,P_DET,DET_N,N_CNJ,N
789166,34853,DET,N,N,CNJ,N,the,maintenance,costs,or,capital,DET_N,N_CNJ,CNJ_N,N
789167,34853,N,N,CNJ,N,N,maintenance,costs,or,capital,costs,N_N,N_N,N_N,CNJ
789168,34853,N,CNJ,N,N,P,costs,or,capital,costs,of,N_CNJ,CNJ_N,N_P,N
789169,34853,CNJ,N,N,P,DET,or,capital,costs,of,the,CNJ_N,N_P,P_DET,N
789170,34853,N,N,P,DET,N,capital,costs,of,the,low-tension,N_N,N_DET,DET_N,P
789171,34853,N,P,DET,N,N,costs,of,the,low-tension,distribution,N_P,P_N,N_N,DET
789172,34853,P,DET,N,N,N,of,the,low-tension,distribution,lines,P_DET,DET_N,N_N,N
789173,34853,DET,N,N,N,.,the,low-tension,distribution,lines,.,DET_N,N_N,N_.,N
789174,34853,N,N,N,.,end,low-tension,distribution,lines,.,,N_N,N_.,._end,N
789175,34853,N,N,.,end,end,distribution,lines,.,,,N_N,N_end,end_end,.
825272,36245,start,start,NP,N,P,,,Horace's,column,of,start_start,start_N,N_P,DET
825273,36245,start,NP,N,P,ADJ,,Horace's,column,of,imperishable,start_NP,NP_P,P_ADJ,N
825274,36245,NP,N,P,ADJ,N,Horace's,column,of,imperishable,verse,NP_N,N_ADJ,ADJ_N,P
825275,36245,N,P,ADJ,N,VBZ,column,of,imperishable,verse,shines,N_P,P_N,N_VBZ,DET
825276,36245,P,ADJ,N,VBZ,ADV,of,imperishable,verse,shines,quietly,P_ADJ,ADJ_VBZ,VBZ_ADV,N
825277,36245,ADJ,N,VBZ,ADV,DET,imperishable,verse,shines,quietly,enough,ADJ_N,N_ADV,ADV_DET,V
825278,36245,N,VBZ,ADV,DET,P,verse,shines,quietly,enough,in,N_VBZ,VBZ_DET,DET_P,ADV
825279,36245,VBZ,ADV,DET,P,DET,shines,quietly,enough,in,the,VBZ_ADV,ADV_P,P_DET,ADV
825280,36245,ADV,DET,P,DET,ADJ,quietly,enough,in,the,lucid,ADV_DET,DET_DET,DET_ADJ,P
825281,36245,DET,P,DET,ADJ,N,enough,in,the,lucid,air,DET_P,P_ADJ,ADJ_N,DET
825282,36245,P,DET,ADJ,N,P,in,the,lucid,air,of,P_DET,DET_N,N_P,ADJ
825283,36245,DET,ADJ,N,P,ADJ,the,lucid,air,of,Augustan,DET_ADJ,ADJ_P,P_ADJ,N
825284,36245,ADJ,N,P,ADJ,NP,lucid,air,of,Augustan,Rome,ADJ_N,N_ADJ,ADJ_NP,P
825285,36245,N,P,ADJ,NP,.,air,of,Augustan,Rome,.,N_P,P_NP,NP_.,N
825286,36245,P,ADJ,NP,.,end,of,Augustan,Rome,.,,P_ADJ,ADJ_.,._end,NP
825287,36245,ADJ,NP,.,end,end,Augustan,Rome,.,,,ADJ_NP,NP_end,end_end,.
834711,36608,start,start,N,N,N,,,Pilot,plant,operations,start_start,start_N,N_N,DET
834712,36608,start,N,N,N,end,,Pilot,plant,operations,,start_N,N_N,N_end,N
834713,36608,N,N,N,end,end,Pilot,plant,operations,,,N_N,N_end,end_end,N
865333,38223,start,start,PRO,MOD,V,,,They,cannot,stop,start_start,start_MOD,MOD_V,PRO
865334,38223,start,PRO,MOD,V,TO,,They,cannot,stop,to,start_PRO,PRO_V,V_TO,MOD
865335,38223,PRO,MOD,V,TO,V,They,cannot,stop,to,grasp,PRO_MOD,MOD_TO,TO_V,V
865336,38223,MOD,V,TO,V,CNJ,cannot,stop,to,grasp,and,MOD_V,V_V,V_CNJ,TO
865337,38223,V,TO,V,CNJ,V,stop,to,grasp,and,embrace,V_TO,TO_CNJ,CNJ_V,V
865338,38223,TO,V,CNJ,V,CNJ,to,grasp,and,embrace,and,TO_V,V_V,V_CNJ,CNJ
865339,38223,V,CNJ,V,CNJ,V,grasp,and,embrace,and,sit,V_CNJ,CNJ_CNJ,CNJ_V,N
865340,38223,CNJ,V,CNJ,V,P,and,embrace,and,sit,in,CNJ_V,V_V,V_P,CNJ
865341,38223,V,CNJ,V,P,DET,embrace,and,sit,in,the,V_CNJ,CNJ_P,P_DET,V
865342,38223,CNJ,V,P,DET,ADJ,and,sit,in,the,back,CNJ_V,V_DET,DET_ADJ,P
865343,38223,V,P,DET,ADJ,N,sit,in,the,back,seat,V_P,P_ADJ,ADJ_N,DET
865344,38223,P,DET,ADJ,N,P,in,the,back,seat,of,P_DET,DET_N,N_P,N
865345,38223,DET,ADJ,N,P,N,the,back,seat,of,cars,DET_ADJ,ADJ_P,P_N,N
865346,38223,ADJ,N,P,N,P,back,seat,of,cars,along,ADJ_N,N_N,N_P,P
865347,38223,N,P,N,P,DET,seat,of,cars,along,a,N_P,P_P,P_DET,N
865348,38223,P,N,P,DET,ADJ,of,cars,along,a,dark,P_N,N_DET,DET_ADJ,P
865349,38223,N,P,DET,ADJ,N,cars,along,a,dark,country,N_P,P_ADJ,ADJ_N,DET
865350,38223,P,DET,ADJ,N,N,along,a,dark,country,lane,P_DET,DET_N,N_N,ADJ
865351,38223,DET,ADJ,N,N,.,a,dark,country,lane,.,DET_ADJ,ADJ_N,N_.,N
865352,38223,ADJ,N,N,.,end,dark,country,lane,.,,ADJ_N,N_.,._end,N
865353,38223,N,N,.,end,end,country,lane,.,,,N_N,N_end,end_end,.
869069,38449,start,start,PRO,V,DET,,,He,was,no,start_start,start_V,V_DET,PRO
869070,38449,start,PRO,V,DET,ADV,,He,was,no,longer,start_PRO,PRO_DET,DET_ADV,V
869071,38449,PRO,V,DET,ADV,VN,He,was,no,longer,worried,PRO_V,V_ADV,ADV_VN,DET
869072,38449,V,DET,ADV,VN,.,was,no,longer,worried,.,V_DET,DET_VN,VN_.,N
869073,38449,DET,ADV,VN,.,end,no,longer,worried,.,,DET_ADV,ADV_.,._end,VN
869074,38449,ADV,VN,.,end,end,longer,worried,.,,,ADV_VN,VN_end,end_end,.
884712,39518,start,start,P,NUM,P,,,In,one,of,start_start,start_NUM,NUM_P,P
884713,39518,start,P,NUM,P,DET,,In,one,of,the,start_P,P_P,P_DET,NUM
884714,39518,P,NUM,P,DET,N,In,one,of,the,huts,P_NUM,NUM_DET,DET_N,P
884715,39518,NUM,P,DET,N,DET,one,of,the,huts,a,NUM_P,P_N,N_DET,DET
884716,39518,P,DET,N,DET,N,of,the,huts,a,group,P_DET,DET_DET,DET_N,N
884717,39518,DET,N,DET,N,P,the,huts,a,group,of,DET_N,N_N,N_P,DET
884718,39518,N,DET,N,P,N,huts,a,group,of,men,N_DET,DET_P,P_N,N
884719,39518,DET,N,P,N,V,a,group,of,men,were,DET_N,N_N,N_V,P
884720,39518,N,P,N,V,VN,group,of,men,were,huddled,N_P,P_V,V_VN,N
884721,39518,P,N,V,VN,ADV,of,men,were,huddled,together,P_N,N_VN,VN_ADV,V
884722,39518,N,V,VN,ADV,",",men,were,huddled,together,",",N_V,V_ADV,"ADV_,",VN
884723,39518,V,VN,ADV,",",VG,were,huddled,together,",",singing,V_VN,"VN_,",",_VG",ADV
884724,39518,VN,ADV,",",VG,.,huddled,together,",",singing,.,VN_ADV,ADV_VG,VG_.,","
884725,39518,ADV,",",VG,.,end,together,",",singing,.,,"ADV_,",",_.",._end,N
884726,39518,",",VG,.,end,end,",",singing,.,,,",_VG",VG_end,end_end,.
922707,41796,start,start,NP,VD,P,,,Alex,returned,to,start_start,start_VD,VD_P,NP
922708,41796,start,NP,VD,P,DET,,Alex,returned,to,the,start_NP,NP_P,P_DET,VD
922709,41796,NP,VD,P,DET,N,Alex,returned,to,the,hotel,NP_VD,VD_DET,DET_N,P
922710,41796,VD,P,DET,N,",",returned,to,the,hotel,",",VD_P,P_N,"N_,",DET
922711,41796,P,DET,N,",",DET,to,the,hotel,",",rather,P_DET,"DET_,",",_DET",N
922712,41796,DET,N,",",DET,ADJ,the,hotel,",",rather,weary,DET_N,N_DET,DET_ADJ,","
922713,41796,N,",",DET,ADJ,CNJ,hotel,",",rather,weary,and,"N_,",",_ADJ",ADJ_CNJ,DET
922714,41796,",",DET,ADJ,CNJ,P,",",rather,weary,and,with,",_DET",DET_CNJ,CNJ_P,ADJ
922715,41796,DET,ADJ,CNJ,P,ADV,rather,weary,and,with,no,DET_ADJ,ADJ_P,P_ADV,CNJ
922716,41796,ADJ,CNJ,P,ADV,ADJ,weary,and,with,no,new,ADJ_CNJ,CNJ_ADV,ADV_ADJ,P
922717,41796,CNJ,P,ADV,ADJ,N,and,with,no,new,prospects,CNJ_P,P_ADJ,ADJ_N,DET
922718,41796,P,ADV,ADJ,N,P,with,no,new,prospects,of,P_ADV,ADV_N,N_P,ADJ
922719,41796,ADV,ADJ,N,P,DET,no,new,prospects,of,a,ADV_ADJ,ADJ_P,P_DET,N
922720,41796,ADJ,N,P,DET,N,new,prospects,of,a,role,ADJ_N,N_DET,DET_N,P
922721,41796,N,P,DET,N,",",prospects,of,a,role,",",N_P,P_N,"N_,",DET
922722,41796,P,DET,N,",",P,of,a,role,",",in,P_DET,"DET_,",",_P",N
922723,41796,DET,N,",",P,DET,a,role,",",in,the,DET_N,N_P,P_DET,","
922724,41796,N,",",P,DET,ADJ,role,",",in,the,late,"N_,",",_DET",DET_ADJ,P
922725,41796,",",P,DET,ADJ,N,",",in,the,late,afternoon,",_P",P_ADJ,ADJ_N,DET
922726,41796,P,DET,ADJ,N,",",in,the,late,afternoon,",",P_DET,DET_N,"N_,",ADJ
922727,41796,DET,ADJ,N,",",CNJ,the,late,afternoon,",",but,DET_ADJ,"ADJ_,",",_CNJ",N
922728,41796,ADJ,N,",",CNJ,VD,late,afternoon,",",but,found,ADJ_N,N_CNJ,CNJ_VD,","
922729,41796,N,",",CNJ,VD,DET,afternoon,",",but,found,the,"N_,",",_VD",VD_DET,CNJ
922730,41796,",",CNJ,VD,DET,N,",",but,found,the,doctor,",_CNJ",CNJ_DET,DET_N,VD
922731,41796,CNJ,VD,DET,N,P,but,found,the,doctor,in,CNJ_VD,VD_N,N_P,DET
922732,41796,VD,DET,N,P,DET,found,the,doctor,in,an,VD_DET,DET_P,P_DET,N
922733,41796,DET,N,P,DET,ADJ,the,doctor,in,an,ebullient,DET_N,N_DET,DET_ADJ,P
922734,41796,N,P,DET,ADJ,N,doctor,in,an,ebullient,mood,N_P,P_ADJ,ADJ_N,DET
922735,41796,P,DET,ADJ,N,.,in,an,ebullient,mood,.,P_DET,DET_N,N_.,ADJ
922736,41796,DET,ADJ,N,.,end,an,ebullient,mood,.,,DET_ADJ,ADJ_.,._end,N
922737,41796,ADJ,N,.,end,end,ebullient,mood,.,,,ADJ_N,N_end,end_end,.
928360,42117,start,start,``,DET,WH,,,``,That's,what,start_start,start_DET,DET_WH,``
928361,42117,start,``,DET,WH,PRO,,``,That's,what,I,start_``,``_WH,WH_PRO,DET
928362,42117,``,DET,WH,PRO,V,``,That's,what,I,mean,``_DET,DET_PRO,PRO_V,WH
928363,42117,DET,WH,PRO,V,P,That's,what,I,mean,about,DET_WH,WH_V,V_P,PRO
928364,42117,WH,PRO,V,P,PRO,what,I,mean,about,you,WH_PRO,PRO_P,P_PRO,V
928365,42117,PRO,V,P,PRO,",",I,mean,about,you,",",PRO_V,V_PRO,"PRO_,",P
928366,42117,V,P,PRO,",",NP,mean,about,you,",",Anderson,V_P,"P_,",",_NP",PRO
928367,42117,P,PRO,",",NP,'',about,you,",",Anderson,'',P_PRO,PRO_NP,NP_'',","
928368,42117,PRO,",",NP,'',",",you,",",Anderson,'',",","PRO_,",",_''","''_,",NP
928369,42117,",",NP,'',",",PRO,",",Anderson,'',",",she,",_NP","NP_,",",_PRO",''
928370,42117,NP,'',",",PRO,VD,Anderson,'',",",she,said,NP_'',''_PRO,PRO_VD,","
928371,42117,'',",",PRO,VD,.,'',",",she,said,.,"''_,",",_VD",VD_.,PRO
928372,42117,",",PRO,VD,.,end,",",she,said,.,,",_PRO",PRO_.,._end,VD
928373,42117,PRO,VD,.,end,end,she,said,.,,,PRO_VD,VD_end,end_end,.
964722,44624,start,start,WH,V,PRO,,,How,was,he,start_start,start_V,V_PRO,DET
964723,44624,start,WH,V,PRO,TO,,How,was,he,to,start_WH,WH_PRO,PRO_TO,V
964724,44624,WH,V,PRO,TO,V,How,was,he,to,suspect,WH_V,V_TO,TO_V,PRO
964725,44624,V,PRO,TO,V,CNJ,was,he,to,suspect,that,V_PRO,PRO_V,V_CNJ,TO
964726,44624,PRO,TO,V,CNJ,DET,he,to,suspect,that,an,PRO_TO,TO_CNJ,CNJ_DET,V
964727,44624,TO,V,CNJ,DET,N,to,suspect,that,an,assassin,TO_V,V_DET,DET_N,CNJ
964728,44624,V,CNJ,DET,N,V,suspect,that,an,assassin,had,V_CNJ,CNJ_N,N_V,DET
964729,44624,CNJ,DET,N,V,V,that,an,assassin,had,been,CNJ_DET,DET_V,V_V,N
964730,44624,DET,N,V,V,VG,an,assassin,had,been,lurking,DET_N,N_V,V_VG,V
964731,44624,N,V,V,VG,ADV,assassin,had,been,lurking,somewhere,N_V,V_VG,VG_ADV,V
964732,44624,V,V,VG,ADV,P,had,been,lurking,somewhere,across,V_V,V_ADV,ADV_P,VG
964733,44624,V,VG,ADV,P,DET,been,lurking,somewhere,across,the,V_VG,VG_P,P_DET,N
964734,44624,VG,ADV,P,DET,N,lurking,somewhere,across,the,street,VG_ADV,ADV_DET,DET_N,P
964735,44624,ADV,P,DET,N,VG,somewhere,across,the,street,waiting,ADV_P,P_N,N_VG,DET
964736,44624,P,DET,N,VG,P,across,the,street,waiting,for,P_DET,DET_VG,VG_P,N
964737,44624,DET,N,VG,P,ADV,the,street,waiting,for,just,DET_N,N_P,P_ADV,N
964738,44624,N,VG,P,ADV,DET,street,waiting,for,just,such,N_VG,VG_ADV,ADV_DET,P
964739,44624,VG,P,ADV,DET,DET,waiting,for,just,such,a,VG_P,P_DET,DET_DET,DET
964740,44624,P,ADV,DET,DET,N,for,just,such,a,chance,P_ADV,ADV_DET,DET_N,DET
964741,44624,ADV,DET,DET,N,.,just,such,a,chance,?,ADV_DET,DET_N,N_.,DET
964742,44624,DET,DET,N,.,.,such,a,chance,?,?,DET_DET,DET_.,._.,N
964743,44624,DET,N,.,.,end,a,chance,?,?,,DET_N,N_.,._end,.
964744,44624,N,.,.,end,end,chance,?,?,,,N_.,._end,end_end,.
969020,44856,start,start,CNJ,PRO,VD,,,For,he,remembered,start_start,start_PRO,PRO_VD,CNJ
969021,44856,start,CNJ,PRO,VD,DET,,For,he,remembered,too,start_CNJ,CNJ_VD,VD_DET,PRO
969022,44856,CNJ,PRO,VD,DET,ADV,For,he,remembered,too,well,CNJ_PRO,PRO_DET,DET_ADV,VD
969023,44856,PRO,VD,DET,ADV,WH,he,remembered,too,well,how,PRO_VD,VD_ADV,ADV_WH,DET
969024,44856,VD,DET,ADV,WH,PRO,remembered,too,well,how,he,VD_DET,DET_WH,WH_PRO,N
969025,44856,DET,ADV,WH,PRO,V,too,well,how,he,had,DET_ADV,ADV_PRO,PRO_V,WH
969026,44856,ADV,WH,PRO,V,VN,well,how,he,had,brought,ADV_WH,WH_V,V_VN,PRO
969027,44856,WH,PRO,V,VN,ADV,how,he,had,brought,back,WH_PRO,PRO_VN,VN_ADV,V
969028,44856,PRO,V,VN,ADV,DET,he,had,brought,back,the,PRO_V,V_ADV,ADV_DET,VN
969029,44856,V,VN,ADV,DET,VN,had,brought,back,the,loaded,V_VN,VN_DET,DET_VN,ADV
969030,44856,VN,ADV,DET,VN,N,brought,back,the,loaded,drinks,VN_ADV,ADV_VN,VN_N,DET
969031,44856,ADV,DET,VN,N,P,back,the,loaded,drinks,to,ADV_DET,DET_N,N_P,VN
969032,44856,DET,VN,N,P,NP,the,loaded,drinks,to,Burton,DET_VN,VN_P,P_NP,N
969033,44856,VN,N,P,NP,CNJ,loaded,drinks,to,Burton,and,VN_N,N_NP,NP_CNJ,P
969034,44856,N,P,NP,CNJ,ADV,drinks,to,Burton,and,then,N_P,P_CNJ,CNJ_ADV,NP
969035,44856,P,NP,CNJ,ADV,VN,to,Burton,and,then,returned,P_NP,NP_ADV,ADV_VN,CNJ
969036,44856,NP,CNJ,ADV,VN,P,Burton,and,then,returned,to,NP_CNJ,CNJ_VN,VN_P,ADV
969037,44856,CNJ,ADV,VN,P,DET,and,then,returned,to,the,CNJ_ADV,ADV_P,P_DET,VN
969038,44856,ADV,VN,P,DET,N,then,returned,to,the,kitchen,ADV_VN,VN_DET,DET_N,P
969039,44856,VN,P,DET,N,TO,returned,to,the,kitchen,to,VN_P,P_N,N_TO,DET
969040,44856,P,DET,N,TO,V,to,the,kitchen,to,get,P_DET,DET_TO,TO_V,N
969041,44856,DET,N,TO,V,ADJ,the,kitchen,to,get,weaker,DET_N,N_V,V_ADJ,TO
969042,44856,N,TO,V,ADJ,N,kitchen,to,get,weaker,drinks,N_TO,TO_ADJ,ADJ_N,V
969043,44856,TO,V,ADJ,N,P,to,get,weaker,drinks,for,TO_V,V_N,N_P,ADJ
969044,44856,V,ADJ,N,P,PRO,get,weaker,drinks,for,himself,V_ADJ,ADJ_P,P_PRO,N
969045,44856,ADJ,N,P,PRO,.,weaker,drinks,for,himself,.,ADJ_N,N_PRO,PRO_.,P
969046,44856,N,P,PRO,.,end,drinks,for,himself,.,,N_P,P_.,._end,PRO
969047,44856,P,PRO,.,end,end,for,himself,.,,,P_PRO,PRO_end,end_end,.
989268,46240,start,start,PRO,N,V,,,His,duty,was,start_start,start_N,N_V,PRO
989269,46240,start,PRO,N,V,TO,,His,duty,was,to,start_PRO,PRO_V,V_TO,N
989270,46240,PRO,N,V,TO,V,His,duty,was,to,write,PRO_N,N_TO,TO_V,V
989271,46240,N,V,TO,V,DET,duty,was,to,write,a,N_V,V_V,V_DET,TO
989272,46240,V,TO,V,DET,N,was,to,write,a,school,V_TO,TO_DET,DET_N,V
989273,46240,TO,V,DET,N,N,to,write,a,school,text,TO_V,V_N,N_N,DET
989274,46240,V,DET,N,N,CNJ,write,a,school,text,and,V_DET,DET_N,N_CNJ,N
989275,46240,DET,N,N,CNJ,TO,a,school,text,and,to,DET_N,N_CNJ,CNJ_TO,N
989276,46240,N,N,CNJ,TO,V,school,text,and,to,teach,N_N,N_TO,TO_V,CNJ
989277,46240,N,CNJ,TO,V,DET,text,and,to,teach,the,N_CNJ,CNJ_V,V_DET,TO
989278,46240,CNJ,TO,V,DET,ADJ,and,to,teach,the,entire,CNJ_TO,TO_DET,DET_ADJ,V
989279,46240,TO,V,DET,ADJ,N,to,teach,the,entire,personnel,TO_V,V_ADJ,ADJ_N,DET
989280,46240,V,DET,ADJ,N,P,teach,the,entire,personnel,of,V_DET,DET_N,N_P,ADJ
989281,46240,DET,ADJ,N,P,DET,the,entire,personnel,of,the,DET_ADJ,ADJ_P,P_DET,N
989282,46240,ADJ,N,P,DET,NP,entire,personnel,of,the,Gabriel,ADJ_N,N_DET,DET_NP,P
989283,46240,N,P,DET,NP,WH,personnel,of,the,Gabriel,how,N_P,P_NP,NP_WH,DET
989284,46240,P,DET,NP,WH,TO,of,the,Gabriel,how,to,P_DET,DET_WH,WH_TO,NP
989285,46240,DET,NP,WH,TO,V,the,Gabriel,how,to,speak,DET_NP,NP_TO,TO_V,VD
989286,46240,NP,WH,TO,V,NP,Gabriel,how,to,speak,Ozagen,NP_WH,WH_V,V_NP,TO
989287,46240,WH,TO,V,NP,.,how,to,speak,Ozagen,.,WH_TO,TO_NP,NP_.,V
989288,46240,TO,V,NP,.,end,to,speak,Ozagen,.,,TO_V,V_.,._end,NP
989289,46240,V,NP,.,end,end,speak,Ozagen,.,,,V_NP,NP_end,end_end,.
1006349,47435,start,start,NP,NP,",",,,Reverend,Jason,",",start_start,start_NP,"NP_,",NP
1006350,47435,start,NP,NP,",",VG,,Reverend,Jason,",",looking,start_NP,"NP_,",",_VG",NP
1006351,47435,NP,NP,",",VG,VN,Reverend,Jason,",",looking,worried,NP_NP,NP_VG,VG_VN,","
1006352,47435,NP,",",VG,VN,",",Jason,",",looking,worried,",","NP_,",",_VN","VN_,",N
1006353,47435,",",VG,VN,",",VD,",",looking,worried,",",hurried,",_VG","VG_,",",_VD",N
1006354,47435,VG,VN,",",VD,P,looking,worried,",",hurried,toward,VG_VN,VN_VD,VD_P,","
1006355,47435,VN,",",VD,P,PRO,worried,",",hurried,toward,us,"VN_,",",_P",P_PRO,VD
1006356,47435,",",VD,P,PRO,.,",",hurried,toward,us,.,",_VD",VD_PRO,PRO_.,P
1006357,47435,VD,P,PRO,.,end,hurried,toward,us,.,,VD_P,P_.,._end,PRO
1006358,47435,P,PRO,.,end,end,toward,us,.,,,P_PRO,PRO_end,end_end,.
1031275,49132,start,start,VG,DET,N,,,Leaving,the,card,start_start,start_DET,DET_N,VG
1031276,49132,start,VG,DET,N,N,,Leaving,the,card,room,start_VG,VG_N,N_N,DET
1031277,49132,VG,DET,N,N,",",Leaving,the,card,room,",",VG_DET,DET_N,"N_,",N
1031278,49132,DET,N,N,",",PRO,the,card,room,",",they,DET_N,"N_,",",_PRO",N
1031279,49132,N,N,",",PRO,VD,card,room,",",they,moved,N_N,N_PRO,PRO_VD,","
1031280,49132,N,",",PRO,VD,ADV,room,",",they,moved,back,"N_,",",_VD",VD_ADV,PRO
1031281,49132,",",PRO,VD,ADV,P,",",they,moved,back,through,",_PRO",PRO_ADV,ADV_P,VD
1031282,49132,PRO,VD,ADV,P,DET,they,moved,back,through,the,PRO_VD,VD_P,P_DET,ADV
1031283,49132,VD,ADV,P,DET,N,moved,back,through,the,Palace,VD_ADV,ADV_DET,DET_N,P
1031284,49132,ADV,P,DET,N,DET,back,through,the,Palace,the,ADV_P,P_N,N_DET,DET
1031285,49132,P,DET,N,DET,N,through,the,Palace,the,way,P_DET,DET_DET,DET_N,N
1031286,49132,DET,N,DET,N,PRO,the,Palace,the,way,they,DET_N,N_N,N_PRO,DET
1031287,49132,N,DET,N,PRO,V,Palace,the,way,they,had,N_DET,DET_PRO,PRO_V,N
1031288,49132,DET,N,PRO,V,VN,the,way,they,had,come,DET_N,N_V,V_VN,PRO
1031289,49132,N,PRO,V,VN,.,way,they,had,come,.,N_PRO,PRO_VN,VN_.,V
1031290,49132,PRO,V,VN,.,end,they,had,come,.,,PRO_V,V_.,._end,VN
1031291,49132,V,VN,.,end,end,had,come,.,,,V_VN,VN_end,end_end,.
1042709,49868,start,start,PRO,N,V,,,Her,eyes,had,start_start,start_N,N_V,PRO
1042710,49868,start,PRO,N,V,VN,,Her,eyes,had,opened,start_PRO,PRO_V,V_VN,N
1042711,49868,PRO,N,V,VN,",",Her,eyes,had,opened,",",PRO_N,N_VN,"VN_,",V
1042712,49868,N,V,VN,",",PRO,eyes,had,opened,",",she,N_V,"V_,",",_PRO",VN
1042713,49868,V,VN,",",PRO,V,had,opened,",",she,had,V_VN,VN_PRO,PRO_V,","
1042714,49868,VN,",",PRO,V,VN,opened,",",she,had,caught,"VN_,",",_V",V_VN,PRO
1042715,49868,",",PRO,V,VN,DET,",",she,had,caught,a,",_PRO",PRO_VN,VN_DET,V
1042716,49868,PRO,V,VN,DET,N,she,had,caught,a,glimpse,PRO_V,V_DET,DET_N,VN
1042717,49868,V,VN,DET,N,P,had,caught,a,glimpse,of,V_VN,VN_N,N_P,DET
1042718,49868,VN,DET,N,P,DET,caught,a,glimpse,of,a,VN_DET,DET_P,P_DET,N
1042719,49868,DET,N,P,DET,ADJ,a,glimpse,of,a,new,DET_N,N_DET,DET_ADJ,P
1042720,49868,N,P,DET,ADJ,N,glimpse,of,a,new,faith,N_P,P_ADJ,ADJ_N,DET
1042721,49868,P,DET,ADJ,N,.,of,a,new,faith,.,P_DET,DET_N,N_.,ADJ
1042722,49868,DET,ADJ,N,.,end,a,new,faith,.,,DET_ADJ,ADJ_.,._end,N
1042723,49868,ADJ,N,.,end,end,new,faith,.,,,ADJ_N,N_end,end_end,.
1044757,50000,start,start,CNJ,DET,DET,,,And,all,the,start_start,start_DET,DET_DET,CNJ
1044758,50000,start,CNJ,DET,DET,N,,And,all,the,time,start_CNJ,CNJ_DET,DET_N,DET
1044759,50000,CNJ,DET,DET,N,",",And,all,the,time,",",CNJ_DET,DET_N,"N_,",DET
1044760,50000,DET,DET,N,",",PRO,all,the,time,",",she,DET_DET,"DET_,",",_PRO",N
1044761,50000,DET,N,",",PRO,V,the,time,",",she,had,DET_N,N_PRO,PRO_V,","
1044762,50000,N,",",PRO,V,DET,time,",",she,had,the,"N_,",",_V",V_DET,PRO
1044763,50000,",",PRO,V,DET,N,",",she,had,the,heat,",_PRO",PRO_DET,DET_N,V
1044764,50000,PRO,V,DET,N,P,she,had,the,heat,of,PRO_V,V_N,N_P,DET
1044765,50000,V,DET,N,P,N,had,the,heat,of,hatred,V_DET,DET_P,P_N,N
1044766,50000,DET,N,P,N,P,the,heat,of,hatred,in,DET_N,N_N,N_P,P
1044767,50000,N,P,N,P,PRO,heat,of,hatred,in,her,N_P,P_P,P_PRO,N
1044768,50000,P,N,P,PRO,",",of,hatred,in,her,",",P_N,N_PRO,"PRO_,",P
1044769,50000,N,P,PRO,",",CNJ,hatred,in,her,",",like,N_P,"P_,",",_CNJ",PRO
1044770,50000,P,PRO,",",CNJ,N,in,her,",",like,charcoal,P_PRO,PRO_CNJ,CNJ_N,","
1044771,50000,PRO,",",CNJ,N,WH,her,",",like,charcoal,that,"PRO_,",",_N",N_WH,CNJ
1044772,50000,",",CNJ,N,WH,V,",",like,charcoal,that,is,",_CNJ",CNJ_WH,WH_V,N
1044773,50000,CNJ,N,WH,V,VG,like,charcoal,that,is,burning,CNJ_N,N_V,V_VG,WH
1044774,50000,N,WH,V,VG,P,charcoal,that,is,burning,on,N_WH,WH_VG,VG_P,V
1044775,50000,WH,V,VG,P,PRO,that,is,burning,on,its,WH_V,V_P,P_PRO,N
1044776,50000,V,VG,P,PRO,ADJ,is,burning,on,its,under,V_VG,VG_PRO,PRO_ADJ,P
1044777,50000,VG,P,PRO,ADJ,N,burning,on,its,under,side,VG_P,P_ADJ,ADJ_N,PRO
1044778,50000,P,PRO,ADJ,N,",",on,its,under,side,",",P_PRO,PRO_N,"N_,",ADJ
1044779,50000,PRO,ADJ,N,",",CNJ,its,under,side,",",but,PRO_ADJ,"ADJ_,",",_CNJ",N
1044780,50000,ADJ,N,",",CNJ,*,under,side,",",but,not,ADJ_N,N_CNJ,CNJ_*,","
1044781,50000,N,",",CNJ,*,ADV,side,",",but,not,visibly,"N_,",",_*",*_ADV,CNJ
1044782,50000,",",CNJ,*,ADV,.,",",but,not,visibly,.,",_CNJ",CNJ_ADV,ADV_.,PRO
1044783,50000,CNJ,*,ADV,.,end,but,not,visibly,.,,CNJ_*,*_.,._end,ADV
1044784,50000,*,ADV,.,end,end,not,visibly,.,,,*_ADV,ADV_end,end_end,.
1052969,50497,start,start,CNJ,EX,V,,,But,there,hadn't,start_start,start_EX,EX_V,CNJ
1052970,50497,start,CNJ,EX,V,V,,But,there,hadn't,been,start_CNJ,CNJ_V,V_V,ADV
1052971,50497,CNJ,EX,V,V,DET,But,there,hadn't,been,enough,CNJ_EX,EX_V,V_DET,V
1052972,50497,EX,V,V,DET,N,there,hadn't,been,enough,time,EX_V,V_DET,DET_N,V
1052973,50497,V,V,DET,N,TO,hadn't,been,enough,time,to,V_V,V_N,N_TO,DET
1052974,50497,V,DET,N,TO,V,been,enough,time,to,build,V_DET,DET_TO,TO_V,N
1052975,50497,DET,N,TO,V,PRO,enough,time,to,build,it,DET_N,N_V,V_PRO,TO
1052976,50497,N,TO,V,PRO,P,time,to,build,it,for,N_TO,TO_PRO,PRO_P,V
1052977,50497,TO,V,PRO,P,N,to,build,it,for,keeps,TO_V,V_P,P_N,PRO
1052978,50497,V,PRO,P,N,.,build,it,for,keeps,.,V_PRO,PRO_N,N_.,P
1052979,50497,PRO,P,N,.,end,it,for,keeps,.,,PRO_P,P_.,._end,N
1052980,50497,P,N,.,end,end,for,keeps,.,,,P_N,N_end,end_end,.
1058510,50906,start,start,PRO,VD,NP,,,He,reminded,Matsuo,start_start,start_VD,VD_NP,PRO
1058511,50906,start,PRO,VD,NP,P,,He,reminded,Matsuo,of,start_PRO,PRO_NP,NP_P,VD
1058512,50906,PRO,VD,NP,P,DET,He,reminded,Matsuo,of,a,PRO_VD,VD_P,P_DET,NP
1058513,50906,VD,NP,P,DET,ADJ,reminded,Matsuo,of,a,similar,VD_NP,NP_DET,DET_ADJ,P
1058514,50906,NP,P,DET,ADJ,N,Matsuo,of,a,similar,thing,NP_P,P_ADJ,ADJ_N,DET
1058515,50906,P,DET,ADJ,N,PRO,of,a,similar,thing,he,P_DET,DET_N,N_PRO,ADJ
1058516,50906,DET,ADJ,N,PRO,V,a,similar,thing,he,had,DET_ADJ,ADJ_PRO,PRO_V,N
1058517,50906,ADJ,N,PRO,V,VN,similar,thing,he,had,witnessed,ADJ_N,N_V,V_VN,PRO
1058518,50906,N,PRO,V,VN,P,thing,he,had,witnessed,in,N_PRO,PRO_VN,VN_P,V
1058519,50906,PRO,V,VN,P,NP,he,had,witnessed,in,China,PRO_V,V_P,P_NP,VN
1058520,50906,V,VN,P,NP,.,had,witnessed,in,China,.,V_VN,VN_NP,NP_.,P
1058521,50906,VN,P,NP,.,end,witnessed,in,China,.,,VN_P,P_.,._end,NP
1058522,50906,P,NP,.,end,end,in,China,.,,,P_NP,NP_end,end_end,.
1058800,50926,start,start,MOD,PRO,V,,,Shall,we,teach,start_start,start_PRO,PRO_V,MOD
1058801,50926,start,MOD,PRO,V,PRO,,Shall,we,teach,him,start_MOD,MOD_V,V_PRO,PRO
1058802,50926,MOD,PRO,V,PRO,DET,Shall,we,teach,him,some,MOD_PRO,PRO_PRO,PRO_DET,V
1058803,50926,PRO,V,PRO,DET,'',we,teach,him,some,'',PRO_V,V_DET,DET_'',PRO
1058804,50926,V,PRO,DET,'',.,teach,him,some,'',?,V_PRO,PRO_'',''_.,ADV
1058805,50926,PRO,DET,'',.,.,him,some,'',?,?,PRO_DET,DET_.,._.,N
1058806,50926,DET,'',.,.,end,some,'',?,?,,DET_'',''_.,._end,.
1058807,50926,'',.,.,end,end,'',?,?,,,''_.,._end,end_end,.
1061998,51093,start,start,``,PRO,VD,,,``,I,got,start_start,start_PRO,PRO_VD,``
1061999,51093,start,``,PRO,VD,NP,,``,I,got,Margaret,start_``,``_VD,VD_NP,PRO
1062000,51093,``,PRO,VD,NP,NP,``,I,got,Margaret,Rider,``_PRO,PRO_NP,NP_NP,VD
1062001,51093,PRO,VD,NP,NP,P,I,got,Margaret,Rider,in,PRO_VD,VD_NP,NP_P,NP
1062002,51093,VD,NP,NP,P,NUM,got,Margaret,Rider,in,one,VD_NP,NP_P,P_NUM,NP
1062003,51093,NP,NP,P,NUM,P,Margaret,Rider,in,one,of,NP_NP,NP_NUM,NUM_P,P
1062004,51093,NP,P,NUM,P,PRO,Rider,in,one,of,them,NP_P,P_P,P_PRO,NUM
1062005,51093,P,NUM,P,PRO,ADJ,in,one,of,them,old,P_NUM,NUM_PRO,PRO_ADJ,P
1062006,51093,NUM,P,PRO,ADJ,N,one,of,them,old,box,NUM_P,P_ADJ,ADJ_N,DET
1062007,51093,P,PRO,ADJ,N,N,of,them,old,box,cars,P_PRO,PRO_N,N_N,ADJ
1062008,51093,PRO,ADJ,N,N,P,them,old,box,cars,down,PRO_ADJ,ADJ_N,N_P,N
1062009,51093,ADJ,N,N,P,ADV,old,box,cars,down,there,ADJ_N,N_P,P_ADV,N
1062010,51093,N,N,P,ADV,P,box,cars,down,there,by,N_N,N_ADV,ADV_P,P
1062011,51093,N,P,ADV,P,DET,cars,down,there,by,the,N_P,P_P,P_DET,ADV
1062012,51093,P,ADV,P,DET,N,down,there,by,the,quarry,P_ADV,ADV_DET,DET_N,P
1062013,51093,ADV,P,DET,N,'',there,by,the,quarry,'',ADV_P,P_N,N_'',DET
1062014,51093,P,DET,N,'',.,by,the,quarry,'',.,P_DET,DET_'',''_.,N
1062015,51093,DET,N,'',.,end,the,quarry,'',.,,DET_N,N_.,._end,N
1062016,51093,N,'',.,end,end,quarry,'',.,,,N_'',''_end,end_end,.
1069458,51550,start,start,PRO,MOD,V,,,He,would,order,start_start,start_MOD,MOD_V,PRO
1069459,51550,start,PRO,MOD,V,PRO,,He,would,order,her,start_PRO,PRO_V,V_PRO,MOD
1069460,51550,PRO,MOD,V,PRO,TO,He,would,order,her,to,PRO_MOD,MOD_PRO,PRO_TO,V
1069461,51550,MOD,V,PRO,TO,V,would,order,her,to,bring,MOD_V,V_TO,TO_V,PRO
1069462,51550,V,PRO,TO,V,N,order,her,to,bring,coffee,V_PRO,PRO_V,V_N,TO
1069463,51550,PRO,TO,V,N,",",her,to,bring,coffee,",",PRO_TO,TO_N,"N_,",V
1069464,51550,TO,V,N,",",CNJ,to,bring,coffee,",",and,TO_V,"V_,",",_CNJ",N
1069465,51550,V,N,",",CNJ,MOD,bring,coffee,",",and,would,V_N,N_CNJ,CNJ_MOD,","
1069466,51550,N,",",CNJ,MOD,V,coffee,",",and,would,take,"N_,",",_MOD",MOD_V,CNJ
1069467,51550,",",CNJ,MOD,V,P,",",and,would,take,from,",_CNJ",CNJ_V,V_P,MOD
1069468,51550,CNJ,MOD,V,P,PRO,and,would,take,from,his,CNJ_MOD,MOD_P,P_PRO,V
1069469,51550,MOD,V,P,PRO,N,would,take,from,his,vest,MOD_V,V_PRO,PRO_N,P
1069470,51550,V,P,PRO,N,N,take,from,his,vest,pocket,V_P,P_N,N_N,DET
1069471,51550,P,PRO,N,N,DET,from,his,vest,pocket,a,P_PRO,PRO_N,N_DET,N
1069472,51550,PRO,N,N,DET,ADJ,his,vest,pocket,a,thin,PRO_N,N_DET,DET_ADJ,P
1069473,51550,N,N,DET,ADJ,ADJ,vest,pocket,a,thin,black,N_N,N_ADJ,ADJ_ADJ,DET
1069474,51550,N,DET,ADJ,ADJ,N,pocket,a,thin,black,pipe,N_DET,DET_ADJ,ADJ_N,ADJ
1069475,51550,DET,ADJ,ADJ,N,WH,a,thin,black,pipe,which,DET_ADJ,ADJ_N,N_WH,N
1069476,51550,ADJ,ADJ,N,WH,PRO,thin,black,pipe,which,he,ADJ_ADJ,ADJ_WH,WH_PRO,N
1069477,51550,ADJ,N,WH,PRO,MOD,black,pipe,which,he,would,ADJ_N,N_PRO,PRO_MOD,","
1069478,51550,N,WH,PRO,MOD,V,pipe,which,he,would,stuff,N_WH,WH_MOD,MOD_V,PRO
1069479,51550,WH,PRO,MOD,V,--,which,he,would,stuff,--,WH_PRO,PRO_V,V_--,MOD
1069480,51550,PRO,MOD,V,--,PRO,he,would,stuff,--,he,PRO_MOD,MOD_--,--_PRO,V
1069481,51550,MOD,V,--,PRO,MOD,would,stuff,--,he,would,MOD_V,V_PRO,PRO_MOD,--
1069482,51550,V,--,PRO,MOD,*,stuff,--,he,would,not,V_--,--_MOD,MOD_*,PRO
1069483,51550,--,PRO,MOD,*,V,--,he,would,not,remove,--_PRO,PRO_*,*_V,MOD
1069484,51550,PRO,MOD,*,V,PRO,he,would,not,remove,his,PRO_MOD,MOD_V,V_PRO,*
1069485,51550,MOD,*,V,PRO,N,would,not,remove,his,gloves,MOD_*,*_PRO,PRO_N,V
1069486,51550,*,V,PRO,N,--,not,remove,his,gloves,--,*_V,V_N,N_--,DET
1069487,51550,V,PRO,N,--,CNJ,remove,his,gloves,--,and,V_PRO,PRO_--,--_CNJ,N
1069488,51550,PRO,N,--,CNJ,V,his,gloves,--,and,light,PRO_N,N_CNJ,CNJ_V,ADV
1069489,51550,N,--,CNJ,V,CNJ,gloves,--,and,light,and,N_--,--_V,V_CNJ,CNJ
1069490,51550,--,CNJ,V,CNJ,V,--,and,light,and,smoke,--_CNJ,CNJ_CNJ,CNJ_V,N
1069491,51550,CNJ,V,CNJ,V,.,and,light,and,smoke,.,CNJ_V,V_V,V_.,CNJ
1069492,51550,V,CNJ,V,.,end,light,and,smoke,.,,V_CNJ,CNJ_.,._end,N
1069493,51550,CNJ,V,.,end,end,and,smoke,.,,,CNJ_V,V_end,end_end,.
1084849,52428,start,start,PRO,ADJ,N,,,His,black,hat,start_start,start_ADJ,ADJ_N,PRO
1084850,52428,start,PRO,ADJ,N,P,,His,black,hat,with,start_PRO,PRO_N,N_P,ADJ
1084851,52428,PRO,ADJ,N,P,PRO,His,black,hat,with,its,PRO_ADJ,ADJ_P,P_PRO,N
1084852,52428,ADJ,N,P,PRO,ADJ,black,hat,with,its,wide,ADJ_N,N_PRO,PRO_ADJ,P
1084853,52428,N,P,PRO,ADJ,N,hat,with,its,wide,brim,N_P,P_ADJ,ADJ_N,PRO
1084854,52428,P,PRO,ADJ,N,",",with,its,wide,brim,",",P_PRO,PRO_N,"N_,",ADJ
1084855,52428,PRO,ADJ,N,",",ADJ,its,wide,brim,",",high,PRO_ADJ,"ADJ_,",",_ADJ",N
1084856,52428,ADJ,N,",",ADJ,N,wide,brim,",",high,crown,ADJ_N,N_ADJ,ADJ_N,P
1084857,52428,N,",",ADJ,N,",",brim,",",high,crown,",","N_,",",_N","N_,",N
1084858,52428,",",ADJ,N,",",CNJ,",",high,crown,",",and,",_ADJ","ADJ_,",",_CNJ",N
1084859,52428,ADJ,N,",",CNJ,N,high,crown,",",and,fur,ADJ_N,N_CNJ,CNJ_N,","
1084860,52428,N,",",CNJ,N,N,crown,",",and,fur,trim,"N_,",",_N",N_N,CNJ
1084861,52428,",",CNJ,N,N,VD,",",and,fur,trim,rode,",_CNJ",CNJ_N,N_VD,N
1084862,52428,CNJ,N,N,VD,ADV,and,fur,trim,rode,high,CNJ_N,N_VD,VD_ADV,N
1084863,52428,N,N,VD,ADV,.,fur,trim,rode,high,.,N_N,N_ADV,ADV_.,VD
1084864,52428,N,VD,ADV,.,end,trim,rode,high,.,,N_VD,VD_.,._end,ADV
1084865,52428,VD,ADV,.,end,end,rode,high,.,,,VD_ADV,ADV_end,end_end,.
1086469,52550,start,start,EX,V,DET,,,There,was,a,start_start,start_V,V_DET,EX
1086470,52550,start,EX,V,DET,N,,There,was,a,man,start_EX,EX_DET,DET_N,V
1086471,52550,EX,V,DET,N,ADV,There,was,a,man,here,EX_V,V_N,N_ADV,DET
1086472,52550,V,DET,N,ADV,P,was,a,man,here,in,V_DET,DET_ADV,ADV_P,N
1086473,52550,DET,N,ADV,P,N,a,man,here,in,town,DET_N,N_P,P_N,ADV
1086474,52550,N,ADV,P,N,.,man,here,in,town,.,N_ADV,ADV_N,N_.,P
1086475,52550,ADV,P,N,.,end,here,in,town,.,,ADV_P,P_.,._end,N
1086476,52550,P,N,.,end,end,in,town,.,,,P_N,N_end,end_end,.
